{
  "summary": "In this module, we will look at various string operators and converting between strings, ints, and floats. ",
  "title": "Hoomaluo - Unit 1 - Module 1",
  "programming_language": "Python",
  "language": "en",
  "items": [
    {
      "id": 0,
      "update_date": "Dec 31, 1969 2:00:00 PM",
      "title": "Variables",
      "task_list": [
        {
          "name": "Define and print variables",
          "stepic_id": 0,
          "task_files": {
            "task.py": {
              "name": "task.py",
              "text": "# define your variable and assign it the specified value\ntype here \u003d type here\n\n# print the variable\ntype here\n",
              "placeholders": [
                {
                  "offset": 57,
                  "length": 9,
                  "hints": [
                    "This is where you specify the variable name. "
                  ],
                  "possible_answer": "myString",
                  "placeholder_text": "type here"
                },
                {
                  "offset": 69,
                  "length": 9,
                  "hints": [
                    "This is where you assign a value to your variable. You should assign it a string. "
                  ],
                  "possible_answer": "\"This is my first variable.\"",
                  "placeholder_text": "type here"
                },
                {
                  "offset": 101,
                  "length": 9,
                  "hints": [
                    "You will need to use the print() command here. "
                  ],
                  "possible_answer": "print(myString)",
                  "placeholder_text": "type here"
                }
              ]
            }
          },
          "test_files": {
            "tests.py": "from test_helper import run_common_tests, failed, passed, get_answer_placeholders\n\n\ndef test_answer_placeholders():\n    placeholders \u003d get_answer_placeholders()\n    if placeholders[0] \u003d\u003d \"myString\" \\\n            and placeholders[1] \u003d\u003d \u0027\"This is my first variable.\"\u0027 \\\n            and placeholders[2] \u003d\u003d \"print(myString)\":\n        passed()\n    else:\n        failed()\n\n\nif __name__ \u003d\u003d \u0027__main__\u0027:\n    run_common_tests()\n    test_answer_placeholders()       # TODO: uncomment test call\n\n\n"
          },
          "description_text": "Python is an object-oriented programming language. Objects are constructs with certain rules.\n\nJust like in the real-world, when you describe an object as a ball, everyone will understand that you\u0027re describing a spherical object (with the exception of an American Football I guess).\n\nSimilarly, when you\u0027re defining an object as a string in Python, then all the rules for strings apply to it.\n\nYou can store objects in so-called variables. Each variable will have a name, e.g. `myString` or `a`, and a type, e.g. `string`, `integer`, `list`, etc.\n\nWhen you define a variable and assign it a value, Python will infer the data type for you (unlike other languages like C).\n\nYour task is to\n* create a variable called `myString` and assign it a value of `\"This is my first variable.\"`;\n* print the variable\n",
          "description_format": "md",
          "additional_files": {},
          "update_date": "Dec 31, 1969 2:00:00 PM",
          "feedback_link": {
            "link_type": "STEPIK"
          },
          "task_type": "edu"
        },
        {
          "name": "Integer numbers",
          "stepic_id": 0,
          "task_files": {
            "task.py": {
              "name": "task.py",
              "text": "# create a variable called myFirstInt and assign it a value of ...\ntype here \u003d type here\n\n# create a second variable called mySecondInt and assign it a value of ...\nmySecondInt \u003d type here\n\n# add the two integers and print the results\ntype here(type here)\n",
              "placeholders": [
                {
                  "offset": 67,
                  "length": 9,
                  "hints": [
                    "Your variable name should go here. "
                  ],
                  "possible_answer": "myFirstInt",
                  "placeholder_text": "type here"
                },
                {
                  "offset": 79,
                  "length": 9,
                  "hints": [
                    "Assign an integer to your variable. "
                  ],
                  "possible_answer": "25",
                  "placeholder_text": "type here"
                },
                {
                  "offset": 179,
                  "length": 9,
                  "hints": [
                    "Your second integer should go here. "
                  ],
                  "possible_answer": "2",
                  "placeholder_text": "type here"
                },
                {
                  "offset": 235,
                  "length": 9,
                  "hints": [
                    "You can print objects using the print() function. "
                  ],
                  "possible_answer": "print",
                  "placeholder_text": "type here"
                },
                {
                  "offset": 245,
                  "length": 9,
                  "hints": [
                    "Add your integer variables here. "
                  ],
                  "possible_answer": "myFirstInt + mySecondInt",
                  "placeholder_text": "type here"
                }
              ]
            }
          },
          "test_files": {
            "tests.py": "from test_helper import run_common_tests, failed, passed, get_answer_placeholders\n\n\ndef test_answer_placeholders():\n    placeholders \u003d get_answer_placeholders()\n    if placeholders[0] \u003d\u003d \"myFirstInt\"\\\n            and placeholders[1].isdigit()\\\n            and placeholders[2].isdigit()\\\n            and placeholders[3] \u003d\u003d \"print\" \\\n            and placeholders[4].replace(\" \", \"\") \u003d\u003d \"myFirstInt+mySecondInt\":       # TODO: your condition here\n        passed()\n    else:\n        failed()\n\n\nif __name__ \u003d\u003d \u0027__main__\u0027:\n    run_common_tests()\n    test_answer_placeholders()       # TODO: uncomment test call\n\n\n"
          },
          "description_text": "As mentioned, other types of objects are integers and floating point numbers. These data types are used to store numbers.\n\nIntegers are all numbers that can be written without a fractional component. So they include all whole numbers (counting numbers), zero, and all negative whole numbers.\n\nLike before, you can create variables and assign integers to these variables. You can also perform calulcations using the variables.\n\nFor example if you have variable `a \u003d 4` and `b \u003d 2`, you can\n* print the result of adding the two together: `print(a+b)`\n* create a new variable and assign it the result of subtracting one from the other: `c \u003d a-b`\n* and much more.\n\nYour task is to\n* create an integer named `myFirstInt`\n* create an integer named `mySecondInt`\n* print the results of `myFirstInt + mySecondInt`\n",
          "description_format": "md",
          "additional_files": {},
          "update_date": "Dec 31, 1969 2:00:00 PM",
          "feedback_link": {
            "link_type": "STEPIK"
          },
          "task_type": "edu"
        },
        {
          "name": "Floating point numbers",
          "stepic_id": 0,
          "task_files": {
            "task.py": {
              "name": "task.py",
              "text": "# create a float named a\na \u003d type here\n\n# create a float named b\nb \u003d type here\n\n# create a float named c and assign it the value of a divided by b\ntype here\n\n# add the value of c\ntype here\n",
              "placeholders": [
                {
                  "offset": 29,
                  "length": 9,
                  "hints": [
                    "Insert the value of your first float. "
                  ],
                  "possible_answer": "25.222",
                  "placeholder_text": "type here"
                },
                {
                  "offset": 69,
                  "length": 9,
                  "hints": [
                    "Enter the value of your second float here. "
                  ],
                  "possible_answer": "2.0",
                  "placeholder_text": "type here"
                },
                {
                  "offset": 147,
                  "length": 9,
                  "hints": [
                    "Define variable c and assign it the appropriate value. "
                  ],
                  "possible_answer": "c \u003d a/b",
                  "placeholder_text": "type here"
                },
                {
                  "offset": 179,
                  "length": 9,
                  "hints": [
                    "Print the value of c. "
                  ],
                  "possible_answer": "print(c)",
                  "placeholder_text": "type here"
                }
              ]
            }
          },
          "test_files": {
            "tests.py": "from test_helper import run_common_tests, failed, passed, get_answer_placeholders\n\n\ndef test_answer_placeholders():\n    placeholders \u003d get_answer_placeholders()\n    if isinstance(float(placeholders[0]), float) \\\n            and isinstance(float(placeholders[1]), float)   \\\n            and placeholders[2].replace(\" \", \"\") \u003d\u003d \"c\u003da/b\" \\\n            and placeholders[3].replace(\" \", \"\") \u003d\u003d \"print(c)\":\n        passed()\n    else:\n        failed()\n\n\nif __name__ \u003d\u003d \u0027__main__\u0027:\n    run_common_tests()\n    test_answer_placeholders()       # TODO: uncomment test call\n\n\n"
          },
          "description_text": "We said that integers describe all numbers that can be written without a fractional component. But what if we need to use fractional components?\n\nWe use floating point numbers of simply floats.\n\nFloats are numbers with fractional components. You may be inclined to think of floating points as all real numbers (rational and irrational numbers), but that\u0027s not the case.\nFloating point arithmetic, and the limitations of it, are another topic to be discussed later. Just note that floats have a limited number of decimal points and can thus only approximate some (many, actually) real numbers.\n\nLike before, you can create variables and assign integers to these variables. \n\nYour task is to \n* create an float named `a`\n* create an float named `b`\n* create a float named `c` and assign it the value of `a` divided by `b`\n* print the value of `c`\n",
          "description_format": "md",
          "additional_files": {},
          "update_date": "Dec 31, 1969 2:00:00 PM",
          "feedback_link": {
            "link_type": "STEPIK"
          },
          "task_type": "edu"
        }
      ],
      "type": "lesson"
    },
    {
      "id": 0,
      "update_date": "Dec 31, 1969 2:00:00 PM",
      "title": "String Operators",
      "task_list": [
        {
          "name": "String Concatenation",
          "stepic_id": 0,
          "task_files": {
            "task.py": {
              "name": "task.py",
              "text": "# create string s1\ns1 \u003d type here\n# create string s2\ns2 \u003d type here\n# concat s1 and s2\ns \u003d type here\n\n# print the concatenated string\nprint(s)\n",
              "placeholders": [
                {
                  "offset": 24,
                  "length": 9,
                  "hints": [
                    "Define any string. ",
                    "Strings should have quotation marks around them to indicate that they\u0027re strings. "
                  ],
                  "possible_answer": "\"Hello, \"",
                  "placeholder_text": "type here"
                },
                {
                  "offset": 58,
                  "length": 9,
                  "hints": [
                    "Define any string here. "
                  ],
                  "possible_answer": "\"World!\"",
                  "placeholder_text": "type here"
                },
                {
                  "offset": 91,
                  "length": 9,
                  "hints": [
                    "Concatenate s1 and s2. ",
                    "Use + to concat the two strings. "
                  ],
                  "possible_answer": "s1 + s2",
                  "placeholder_text": "type here"
                }
              ]
            }
          },
          "test_files": {
            "tests.py": "from test_helper import run_common_tests, failed, passed, get_answer_placeholders\n\n\ndef test_answer_placeholders():\n    placeholders \u003d get_answer_placeholders()\n    if isinstance(placeholders[0], str) \\\n        and isinstance(placeholders[1], str) \\\n        and placeholders[2].replace(\" \", \"\") \u003d\u003d \u0027s1+s2\u0027:       # TODO: your condition here\n        passed()\n    else:\n        failed()\n\n\nif __name__ \u003d\u003d \u0027__main__\u0027:\n    run_common_tests()\n    test_answer_placeholders()       # TODO: uncomment test call\n\n\n"
          },
          "description_text": "String concatenation means to combine two or more strings to form a single string.\n\nString concatenation is easy in python, you simply need to use the `+` operator.\n\nYour task:\n* Create a string s1 (define any string, e.g. \"Hello\")\n* Create a string s2 (define any string, e.g. \", World!)\n* Concatenate the two strings and assign it to s.\n* Print s.\n",
          "description_format": "md",
          "additional_files": {},
          "update_date": "Dec 31, 1969 2:00:00 PM",
          "feedback_link": {
            "link_type": "STEPIK"
          },
          "task_type": "edu"
        },
        {
          "name": "String Conversion",
          "stepic_id": 0,
          "task_files": {
            "task.py": {
              "name": "task.py",
              "text": "# Inputs\na \u003d 245\nb \u003d 34\n\n# Add a and b and name it c\ntype here\n\n# Convert a, b, and c into strings s1, s2, and s3\ns1 \u003d type here\ns2 \u003d type here\ns3 \u003d type here\n\n# Create a result string that reads: Adding 245 and 34 results in 279.\nresult \u003d \"Adding \" + type here + \" and \" + type here\n\n# Print the result\nprint(result)\n\n",
              "placeholders": [
                {
                  "offset": 53,
                  "length": 9,
                  "hints": [
                    "Calculate a + b. ",
                    "Assign the result to c. "
                  ],
                  "possible_answer": "c \u003d b + a",
                  "placeholder_text": "type here"
                },
                {
                  "offset": 119,
                  "length": 9,
                  "hints": [
                    "Convert a to a string. "
                  ],
                  "possible_answer": "str(a)",
                  "placeholder_text": "type here"
                },
                {
                  "offset": 134,
                  "length": 9,
                  "hints": [
                    "Convert b to a string. "
                  ],
                  "possible_answer": "str(b)",
                  "placeholder_text": "type here"
                },
                {
                  "offset": 149,
                  "length": 9,
                  "hints": [
                    "Convert c to a string. "
                  ],
                  "possible_answer": "str(c)",
                  "placeholder_text": "type here"
                },
                {
                  "offset": 252,
                  "length": 9,
                  "hints": [
                    "Insert string value of a. ",
                    "Insert s1"
                  ],
                  "possible_answer": "s1",
                  "placeholder_text": "type here"
                },
                {
                  "offset": 274,
                  "length": 9,
                  "hints": [
                    "Use the same pattern of string concatenation as before to complete the sentence. "
                  ],
                  "possible_answer": "s2 + \" results in \" + s3 + \".\"",
                  "placeholder_text": "type here"
                }
              ]
            }
          },
          "test_files": {
            "tests.py": "from test_helper import run_common_tests, failed, passed, get_answer_placeholders\n\n\ndef test_answer_placeholders():\n    placeholders \u003d get_answer_placeholders()\n    if (placeholders[0].replace(\" \", \"\") \u003d\u003d \"c\u003da+b\" or placeholders[0].replace(\" \", \"\") \u003d\u003d \"c\u003db+a\")\\\n        and placeholders[1].strip() \u003d\u003d \"str(a)\" and placeholders[2].strip() \u003d\u003d \"str(b)\" \\\n        and placeholders[5].strip() \u003d\u003d \"str(c)\" and placeholders[3].strip() \u003d\u003d \"s1\" \\\n        and placeholders[4].replace(\" \", \"\") \u003d\u003d \u0027s2+\"resultsin\"+s3+\".\"\u0027:\n        passed()\n    else:\n        failed()\n\n\nif __name__ \u003d\u003d \u0027__main__\u0027:\n    run_common_tests()\n    test_answer_placeholders()       # TODO: uncomment test call\n\n\n"
          },
          "description_text": "Sometimes we need to convert numbers to strings and vice versa. To convert a number to a string, we can simply use the `str()` operator.\n\nGiven variables a and b,\n* calculate a + b, and assign the answer to variable c.\n* convert a, b, and c to strings and name them s1, s2, and s3.\n* create a result string that concatenates all three strings.\n",
          "description_format": "md",
          "additional_files": {},
          "update_date": "Dec 31, 1969 2:00:00 PM",
          "feedback_link": {
            "link_type": "STEPIK"
          },
          "task_type": "edu"
        }
      ],
      "type": "lesson"
    },
    {
      "id": 0,
      "update_date": "Dec 31, 1969 2:00:00 PM",
      "title": "String Inputs",
      "task_list": [
        {
          "name": "User Input",
          "stepic_id": 0,
          "task_files": {
            "task.py": {
              "name": "task.py",
              "text": "# Get the user input\ns \u003d type here(\"Enter something: \")\n\n# Print the input\nprint(s)\n\n# Print the input data type\nprint(type here)\n",
              "placeholders": [
                {
                  "offset": 25,
                  "length": 9,
                  "hints": [
                    "Ask the user for an input. "
                  ],
                  "possible_answer": "input",
                  "placeholder_text": "type here"
                },
                {
                  "offset": 119,
                  "length": 9,
                  "hints": [
                    "Print the data type of the variable s. ",
                    "You can check the data type using the type() function. "
                  ],
                  "possible_answer": "type(s)",
                  "placeholder_text": "type here"
                }
              ]
            }
          },
          "test_files": {
            "tests.py": "from test_helper import run_common_tests, failed, passed, get_answer_placeholders\n\n\ndef test_answer_placeholders():\n    placeholders \u003d get_answer_placeholders()\n    if placeholders[0] \u003d\u003d \"input\" and \\\n        placeholders[1].replace(\" \", \"\") \u003d\u003d \"type(s)\":\n        passed()\n    else:\n        failed()\n\n\nif __name__ \u003d\u003d \u0027__main__\u0027:\n    run_common_tests()\n    test_answer_placeholders()       # TODO: uncomment test call\n\n\n"
          },
          "description_text": "Prompt the user to provide an input and print that input to the screen.\n\nUse the `input()` function.\n",
          "description_format": "md",
          "additional_files": {},
          "update_date": "Dec 31, 1969 2:00:00 PM",
          "feedback_link": {
            "link_type": "STEPIK"
          },
          "task_type": "edu"
        },
        {
          "name": "Integer Input",
          "stepic_id": 0,
          "task_files": {
            "task.py": {
              "name": "task.py",
              "text": "# Get a number input\ns \u003d type here\n\n# Convert to an int.\na \u003d type here\n\n# Print the answer and the data type\nprint(a)\ntype here\n",
              "placeholders": [
                {
                  "offset": 25,
                  "length": 9,
                  "hints": [
                    "Prompt the user to enter a number (integer). "
                  ],
                  "possible_answer": "input(\"Enter a number: \")",
                  "placeholder_text": "type here"
                },
                {
                  "offset": 61,
                  "length": 9,
                  "hints": [
                    "Convert a string to an int. "
                  ],
                  "possible_answer": "int(s)",
                  "placeholder_text": "type here"
                },
                {
                  "offset": 118,
                  "length": 9,
                  "hints": [
                    "Print the data type of a. "
                  ],
                  "possible_answer": "print(type(a))",
                  "placeholder_text": "type here"
                }
              ]
            }
          },
          "test_files": {
            "tests.py": "from test_helper import run_common_tests, failed, passed, get_answer_placeholders\n\n\ndef test_answer_placeholders():\n    placeholders \u003d get_answer_placeholders()\n    if \"input(\" in placeholders[0] and \\\n        placeholders[1].replace(\" \", \"\") \u003d\u003d \"int(s)\" and \\\n        placeholders[2].replace(\" \", \"\") \u003d\u003d \"print(type(a))\" :\n        passed()\n    else:\n        failed()\n\n\nif __name__ \u003d\u003d \u0027__main__\u0027:\n    run_common_tests()\n    test_answer_placeholders()       # TODO: uncomment test call\n\n\n"
          },
          "description_text": "Ask for a number input and convert it to an integer.\n\n",
          "description_format": "md",
          "additional_files": {},
          "update_date": "Dec 31, 1969 2:00:00 PM",
          "feedback_link": {
            "link_type": "STEPIK"
          },
          "task_type": "edu"
        }
      ],
      "type": "lesson"
    },
    {
      "id": 0,
      "update_date": "Dec 31, 1969 2:00:00 PM",
      "title": "String Operators II",
      "task_list": [
        {
          "name": "Upper and Lower Case",
          "stepic_id": 0,
          "task_files": {
            "task.py": {
              "name": "task.py",
              "text": "# Input\ns \u003d \" When the air squishes and stretches quickly and the wave reach our ears just right, we call this sound.\"\n\n# Print s in upper case\nprint(type here)\n\n# Print s in lower case\nprint(type here)\n\n# Print s in title case\nprint(type here)\n\n",
              "placeholders": [
                {
                  "offset": 150,
                  "length": 9,
                  "hints": [
                    "Convert s to all uppercase.",
                    "Use the upper() function that\u0027s part of the string class. ",
                    "Given string s1, you would say s1.upper()"
                  ],
                  "possible_answer": "s.upper()",
                  "placeholder_text": "type here"
                },
                {
                  "offset": 192,
                  "length": 9,
                  "hints": [
                    "Use the lower() function from the string class. "
                  ],
                  "possible_answer": "s.lower()",
                  "placeholder_text": "type here"
                },
                {
                  "offset": 234,
                  "length": 9,
                  "hints": [
                    "Use the title() function from the string class. \n"
                  ],
                  "possible_answer": "s.title()",
                  "placeholder_text": "type here"
                }
              ]
            }
          },
          "test_files": {
            "tests.py": "from test_helper import run_common_tests, failed, passed, get_answer_placeholders\n\n\ndef test_answer_placeholders():\n    placeholders \u003d get_answer_placeholders()\n    if placeholders[0] \u003d\u003d \"s.upper()\" \\\n        and placeholders[1] \u003d\u003d \"s.lower()\"  \\\n        and placeholders[2] \u003d\u003d \"s.title()\" :       # TODO: your condition here\n        passed()\n    else:\n        failed()\n\n\nif __name__ \u003d\u003d \u0027__main__\u0027:\n    run_common_tests()\n    test_answer_placeholders()       # TODO: uncomment test call\n\n\n"
          },
          "description_text": "Given a string, use the `upper()`, `lower()`, and `title()` functions to transform the string.\n",
          "description_format": "md",
          "additional_files": {},
          "update_date": "Dec 31, 1969 2:00:00 PM",
          "feedback_link": {
            "link_type": "STEPIK"
          },
          "task_type": "edu"
        },
        {
          "name": "Replace and Strip",
          "stepic_id": 0,
          "task_files": {
            "task.py": {
              "name": "task.py",
              "text": "# Input\ns \u003d \" Sound wafe frequency of 0.5 Hz.     \"\nprint(s)\n\n# No leading and trailing whitespaces\ns1 \u003d type here\nprint(s1)\n\n# Correct the spelling of wave\ns2 \u003d s1.replace(type here, type here)\nprint(s2)\n\n# print the length of the strings\nprint(\"s : \", type here)\nprint(\"s1: \",  type here)\nprint(\"s2: \", type here)\n",
              "placeholders": [
                {
                  "offset": 105,
                  "length": 9,
                  "hints": [
                    "Use strip() to remove leading and trailing whitespaces. "
                  ],
                  "possible_answer": "s.strip()",
                  "placeholder_text": "type here"
                },
                {
                  "offset": 173,
                  "length": 9,
                  "hints": [
                    "Enter the part of the string that you want to replace. "
                  ],
                  "possible_answer": "\"wafe\"",
                  "placeholder_text": "type here"
                },
                {
                  "offset": 184,
                  "length": 9,
                  "hints": [
                    "Enter the string that you want to replace it with. "
                  ],
                  "possible_answer": "\"wave\"",
                  "placeholder_text": "type here"
                },
                {
                  "offset": 254,
                  "length": 9,
                  "hints": [
                    "Get the length of string s. "
                  ],
                  "possible_answer": "len(s)",
                  "placeholder_text": "type here"
                },
                {
                  "offset": 280,
                  "length": 9,
                  "hints": [
                    "Get the length of string s1. \n"
                  ],
                  "possible_answer": "len(s1)",
                  "placeholder_text": "type here"
                },
                {
                  "offset": 305,
                  "length": 9,
                  "hints": [
                    "Get the length of string s2. "
                  ],
                  "possible_answer": "len(s2)",
                  "placeholder_text": "type here"
                }
              ]
            }
          },
          "test_files": {
            "tests.py": "from test_helper import run_common_tests, failed, passed, get_answer_placeholders\n\n\ndef test_answer_placeholders():\n    placeholders \u003d get_answer_placeholders()\n    if placeholders[0] \u003d\u003d \"s.strip()\" and \\\n        placeholders[1] \u003d\u003d \u0027\"wafe\"\u0027 and \\\n        placeholders[2] \u003d\u003d \u0027\"wave\"\u0027 and \\\n        placeholders[3] \u003d\u003d \u0027len(s)\u0027 and \\\n        placeholders[4] \u003d\u003d \u0027len(s1)\u0027 and \\\n        placeholders[5] \u003d\u003d \u0027len(s2)\u0027 :       # TODO: your condition here\n        passed()\n    else:\n        failed()\n\n\nif __name__ \u003d\u003d \u0027__main__\u0027:\n    run_common_tests()\n    test_answer_placeholders()       # TODO: uncomment test call\n\n\n"
          },
          "description_text": "Sometimes, it\u0027s import to be able to search for and replace characters in a string or to even just remove whitespaces in a string.\n\nWhen we want to remove whitespaces from the beginning and end of a string, we use the strip() function.\n\nTo remove characters or strings from a string, we use the replace() function.\n\nTo know the length of a string, use the len() function.\n\nGiven string s:\n* create s1 with not whitespaces in the beginning and end\n* create s2 that uses s1 and corrects the spelling of wafe to wave.\n* print the length of string s, s1, and s2.\n",
          "description_format": "md",
          "additional_files": {},
          "update_date": "Dec 31, 1969 2:00:00 PM",
          "feedback_link": {
            "link_type": "STEPIK"
          },
          "task_type": "edu"
        }
      ],
      "type": "lesson"
    },
    {
      "id": 0,
      "update_date": "Dec 31, 1969 2:00:00 PM",
      "title": "Edu additional materials",
      "task_list": [
        {
          "name": "Edu additional materials",
          "stepic_id": 0,
          "task_files": {},
          "test_files": {},
          "description_format": "md",
          "additional_files": {
            "test_helper.py": "import sys\n\n\ndef get_file_text(path):\n    \"\"\" Returns file text by path\"\"\"\n    file_io \u003d open(path, \"r\")\n    text \u003d file_io.read()\n    file_io.close()\n    return text\n\n\ndef get_file_output(encoding\u003d\"utf-8\", path\u003dsys.argv[-1], arg_string\u003d\"\"):\n    \"\"\"\n    Returns answer file output\n    :param encoding: to decode output in python3\n    :param path: path of file to execute\n    :return: list of strings\n    \"\"\"\n    import subprocess\n\n    proc \u003d subprocess.Popen([sys.executable, path], stdin\u003dsubprocess.PIPE, stdout\u003dsubprocess.PIPE,\n                            stderr\u003dsubprocess.STDOUT)\n    if arg_string:\n        for arg in arg_string.split(\"\\n\"):\n            proc.stdin.write(bytearray(str(arg) + \"\\n\", encoding))\n            proc.stdin.flush()\n\n    return list(map(lambda x: str(x.decode(encoding)), proc.communicate()[0].splitlines()))\n\n\ndef test_file_importable():\n    \"\"\" Tests there is no obvious syntax errors\"\"\"\n    path \u003d sys.argv[-1]\n    if not path.endswith(\".py\"):\n        import os\n\n        parent \u003d os.path.abspath(os.path.join(path, os.pardir))\n        python_files \u003d [f for f in os.listdir(parent) if os.path.isfile(os.path.join(parent, f)) and f.endswith(\".py\")]\n        for python_file in python_files:\n            if python_file \u003d\u003d \"tests.py\":\n                continue\n            check_importable_path(os.path.join(parent, python_file))\n        return\n    check_importable_path(path)\n\n\ndef check_importable_path(path):\n    \"\"\" Checks that file is importable.\n        Reports failure otherwise.\n    \"\"\"\n    saved_input \u003d patch_input()\n    try:\n        import_file(path)\n    except:\n        failed(\"The file contains syntax errors\", test_file_importable.__name__)\n        return\n    finally:\n        revert_input(saved_input)\n\n    passed(test_file_importable.__name__)\n\n\ndef patch_input():\n    def mock_fun(_m\u003d\"\"):\n        return \"mock\"\n\n    if sys.version_info[0] \u003d\u003d 3:\n        import builtins\n        save_input \u003d builtins.input\n        builtins.input \u003d mock_fun\n        return save_input\n    elif sys.version_info[0] \u003d\u003d 2:\n        import __builtin__\n        save_input \u003d __builtin__.raw_input\n        __builtin__.raw_input \u003d mock_fun\n        __builtin__.input \u003d mock_fun\n        return save_input\n\n\ndef revert_input(saved_input):\n    if sys.version_info[0] \u003d\u003d 3:\n        import builtins\n        builtins.input \u003d saved_input\n    elif sys.version_info[0] \u003d\u003d 2:\n        import __builtin__\n        __builtin__.raw_input \u003d saved_input\n        __builtin__.input \u003d saved_input\n\n\ndef import_file(path):\n    \"\"\" Returns imported file \"\"\"\n    if sys.version_info[0] \u003d\u003d 2 or sys.version_info[1] \u003c 3:\n        import imp\n\n        return imp.load_source(\"tmp\", path)\n    elif sys.version_info[0] \u003d\u003d 3:\n        import importlib.machinery\n\n        return importlib.machinery.SourceFileLoader(\"tmp\", path).load_module(\"tmp\")\n\n\ndef import_task_file():\n    \"\"\" Returns imported file.\n        Imports file from which check action was run\n    \"\"\"\n    path \u003d sys.argv[-1]\n    return import_file(path)\n\n\ndef test_is_not_empty():\n    \"\"\"\n        Checks that file is not empty\n    \"\"\"\n    path \u003d sys.argv[-1]\n    file_text \u003d get_file_text(path)\n\n    if len(file_text) \u003e 0:\n        passed()\n    else:\n        failed(\"The file is empty. Please, reload the task and try again.\")\n\n\ndef test_text_equals(text, error_text):\n    \"\"\"\n        Checks that answer equals text.\n    \"\"\"\n    path \u003d sys.argv[-1]\n    file_text \u003d get_file_text(path)\n\n    if file_text.strip() \u003d\u003d text:\n        passed()\n    else:\n        failed(error_text)\n\n\ndef test_answer_placeholders_text_deleted(error_text\u003d\"Don\u0027t just delete task text\"):\n    \"\"\"\n        Checks that all answer placeholders are not empty\n    \"\"\"\n    windows \u003d get_answer_placeholders()\n\n    for window in windows:\n        if len(window) \u003d\u003d 0:\n            failed(error_text)\n            return\n    passed()\n\n\ndef set_congratulation_message(message):\n    \"\"\" Overrides default \u0027Congratulations!\u0027 message \"\"\"\n    print(\"#educational_plugin CONGRATS_MESSAGE \" + message)\n\n\ndef failed(message\u003d\"Please, reload the task and try again.\", name\u003dNone):\n    \"\"\" Reports failure \"\"\"\n    if not name:\n        name \u003d sys._getframe().f_back.f_code.co_name\n    print(\"#educational_plugin \" + name + \" FAILED + \" + message)\n\n\ndef passed(name\u003dNone):\n    \"\"\" Reports success \"\"\"\n    if not name:\n        name \u003d sys._getframe().f_back.f_code.co_name\n    print(\"#educational_plugin \" + name + \" test OK\")\n\n\ndef get_answer_placeholders():\n    \"\"\"\n        Returns all answer placeholders text\n    \"\"\"\n    prefix \u003d \"#educational_plugin_window \u003d \"\n    path \u003d sys.argv[-1]\n    import os\n\n    file_name_without_extension \u003d os.path.splitext(path)[0]\n    windows_path \u003d file_name_without_extension + \"_windows\"\n    windows \u003d []\n    f \u003d open(windows_path, \"r\")\n    window_text \u003d \"\"\n    first \u003d True\n    for line in f.readlines():\n        if line.startswith(prefix):\n            if not first:\n                windows.append(window_text.strip())\n            else:\n                first \u003d False\n            window_text \u003d line[len(prefix):]\n        else:\n            window_text +\u003d line\n\n    if window_text:\n        windows.append(window_text.strip())\n\n    f.close()\n    return windows\n\n\ndef check_samples(samples\u003d()):\n    \"\"\"\n      Check script output for all samples. Sample is a two element list, where the first is input and\n      the second is output.\n    \"\"\"\n    for sample in samples:\n        if len(sample) \u003d\u003d 2:\n            output \u003d get_file_output(arg_string\u003dstr(sample[0]))\n            if \"\\n\".join(output) !\u003d sample[1]:\n                failed(\n                    \"Test from samples failed: \\n \\n\"\n                    \"Input:\\n{}\"\n                    \"\\n \\n\"\n                    \"Expected:\\n{}\"\n                    \"\\n \\n\"\n                    \"Your result:\\n{}\".format(str.strip(sample[0]), str.strip(sample[1]), \"\\n\".join(output)))\n                return\n        set_congratulation_message(\"All test from samples passed. Now we are checking your solution on Stepik server.\")\n\n    passed()\n\n\ndef run_common_tests(error_text\u003d\"Please, reload file and try again\"):\n    test_is_not_empty()\n    test_answer_placeholders_text_deleted()\n    test_file_importable()\n"
          },
          "update_date": "Dec 31, 1969 2:00:00 PM",
          "feedback_link": {
            "link_type": "STEPIK"
          },
          "task_type": "edu"
        }
      ],
      "type": "lesson"
    }
  ]
}