{
  "summary": "Introduction of conditionals using if-else statements. ",
  "title": "Hoomaluo - Unit 1 - Module 2",
  "programming_language": "Python",
  "language": "en",
  "items": [
    {
      "id": 0,
      "update_date": "Dec 31, 1969 2:00:00 PM",
      "title": "Exponents",
      "task_list": [
        {
          "name": "Integers",
          "stepic_id": 0,
          "task_files": {
            "task.py": {
              "name": "task.py",
              "text": "# create a variable called myFirstInt and assign it a value of ...\ntype here \u003d type here\n\n# create a second variable called mySecondInt and assign it a value of ...\nmySecondInt \u003d type here\n\n# add the two integers and print the results\ntype here(type here)\n",
              "placeholders": [
                {
                  "offset": 67,
                  "length": 9,
                  "hints": [
                    "Your variable name should go here. "
                  ],
                  "possible_answer": "myFirstInt",
                  "placeholder_text": "type here"
                },
                {
                  "offset": 79,
                  "length": 9,
                  "hints": [
                    "Assign an integer to your variable. "
                  ],
                  "possible_answer": "25",
                  "placeholder_text": "type here"
                },
                {
                  "offset": 179,
                  "length": 9,
                  "hints": [
                    "Your second integer should go here. "
                  ],
                  "possible_answer": "2",
                  "placeholder_text": "type here"
                },
                {
                  "offset": 235,
                  "length": 9,
                  "hints": [
                    "You can print objects using the print() function. "
                  ],
                  "possible_answer": "print",
                  "placeholder_text": "type here"
                },
                {
                  "offset": 245,
                  "length": 9,
                  "hints": [
                    "Add your integer variables here. "
                  ],
                  "possible_answer": "myFirstInt + mySecondInt",
                  "placeholder_text": "type here"
                }
              ]
            }
          },
          "test_files": {
            "tests.py": "from test_helper import run_common_tests, failed, passed, get_answer_placeholders\n\n\ndef test_answer_placeholders():\n    placeholders \u003d get_answer_placeholders()\n    if placeholders[0] \u003d\u003d \"myFirstInt\"\\\n            and placeholders[1].isdigit()\\\n            and placeholders[2].isdigit()\\\n            and placeholders[3] \u003d\u003d \"print\" \\\n            and placeholders[4].replace(\" \", \"\") \u003d\u003d \"myFirstInt+mySecondInt\":       # TODO: your condition here\n        passed()\n    else:\n        failed()\n\n\nif __name__ \u003d\u003d \u0027__main__\u0027:\n    run_common_tests()\n    test_answer_placeholders()       # TODO: uncomment test call\n\n\n"
          },
          "description_text": "Let\u0027s review integers.\n\nIntegers are all numbers that can be written without a fractional component. So they include all whole numbers (counting numbers), zero, and all negative whole numbers.\n\nLike before, you can create variables and assign integers to these variables. You can also perform calulcations using the variables.\n\nFor example if you have variable `a \u003d 4` and `b \u003d 2`, you can\n* print the result of adding the two together: `print(a+b)`\n* create a new variable and assign it the result of subtracting one from the other: `c \u003d a-b`\n* and much more.\n\nYour task is to\n* create an integer named `myFirstInt`\n* create an integer named `mySecondInt`\n* print the results of `myFirstInt + mySecondInt`\n",
          "description_format": "md",
          "additional_files": {},
          "update_date": "Dec 31, 1969 2:00:00 PM",
          "feedback_link": {
            "link_type": "STEPIK"
          },
          "task_type": "edu"
        },
        {
          "name": "Floats",
          "stepic_id": 0,
          "task_files": {
            "task.py": {
              "name": "task.py",
              "text": "# create a float named a\na \u003d type here\n\n# create a float named b\nb \u003d type here\n\n# create a float named c and assign it the value of a divided by b\ntype here\n\n# add the value of c\ntype here\n",
              "placeholders": [
                {
                  "offset": 29,
                  "length": 9,
                  "hints": [
                    "Insert the value of your first float. "
                  ],
                  "possible_answer": "25.222",
                  "placeholder_text": "type here"
                },
                {
                  "offset": 69,
                  "length": 9,
                  "hints": [
                    "Enter the value of your second float here. "
                  ],
                  "possible_answer": "2.0",
                  "placeholder_text": "type here"
                },
                {
                  "offset": 147,
                  "length": 9,
                  "hints": [
                    "Define variable c and assign it the appropriate value. "
                  ],
                  "possible_answer": "c \u003d a/b",
                  "placeholder_text": "type here"
                },
                {
                  "offset": 179,
                  "length": 9,
                  "hints": [
                    "Print the value of c. "
                  ],
                  "possible_answer": "print(c)",
                  "placeholder_text": "type here"
                }
              ]
            }
          },
          "test_files": {
            "tests.py": "from test_helper import run_common_tests, failed, passed, get_answer_placeholders\n\n\ndef test_answer_placeholders():\n    placeholders \u003d get_answer_placeholders()\n    if isinstance(float(placeholders[0]), float) \\\n            and isinstance(float(placeholders[1]), float)   \\\n            and placeholders[2].replace(\" \", \"\") \u003d\u003d \"c\u003da/b\" \\\n            and placeholders[3].replace(\" \", \"\") \u003d\u003d \"print(c)\":\n        passed()\n    else:\n        failed()\n\n\nif __name__ \u003d\u003d \u0027__main__\u0027:\n    run_common_tests()\n    test_answer_placeholders()       # TODO: uncomment test call\n\n\n"
          },
          "description_text": "We said that integers describe all numbers that can be written without a fractional component. But what if we need to use fractional components?\n\nWe use floating point numbers of simply floats.\n\nFloats are numbers with fractional components. You may be inclined to think of floating points as all real numbers (rational and irrational numbers), but that\u0027s not the case.\nFloating point arithmetic, and the limitations of it, are another topic to be discussed later. Just note that floats have a limited number of decimal points and can thus only approximate some (many, actually) real numbers.\n\nLike before, you can create variables and assign integers to these variables. \n\nYour task is to \n* create an float named `a`\n* create an float named `b`\n* create a float named `c` and assign it the value of `a` divided by `b`\n* print the value of `c`\n",
          "description_format": "md",
          "additional_files": {},
          "update_date": "Dec 31, 1969 2:00:00 PM",
          "feedback_link": {
            "link_type": "STEPIK"
          },
          "task_type": "edu"
        },
        {
          "name": "Exponents",
          "stepic_id": 0,
          "task_files": {
            "task.py": {
              "name": "task.py",
              "text": "# define myFrequency\nmyFrequency \u003d type here\n\n# calculate one higher\ntype here\n\n# calculate one lower\ntype here\n\n# print result\nprint(\"One higher: \", type here, \" and two lower: \", type here)\n\n",
              "placeholders": [
                {
                  "offset": 35,
                  "length": 9,
                  "hints": [
                    "Define your frequency (use a float)."
                  ],
                  "possible_answer": "261.6",
                  "placeholder_text": "type here"
                },
                {
                  "offset": 69,
                  "length": 9,
                  "hints": [
                    "Calculate the frequency that is one octave higher, name your variable oneHigher. ",
                    "Use your myFrequency variable in the calculation. ",
                    "Use an exponent in the form 2**n, where n is the number of octaves. "
                  ],
                  "possible_answer": "oneHigher \u003d myFrequency * 2**1",
                  "placeholder_text": "type here"
                },
                {
                  "offset": 102,
                  "length": 9,
                  "hints": [
                    "Calculate twoLower as the frequency that is two octaves lower. ",
                    "To calculate lower octaves, use negative exponents. "
                  ],
                  "possible_answer": "twoLower \u003d myFrequency * 2**-2",
                  "placeholder_text": "type here"
                },
                {
                  "offset": 150,
                  "length": 9,
                  "hints": [
                    "Reference the frequency that is one octave higher than myFrequency. ",
                    "Use your oneHigher variable. "
                  ],
                  "possible_answer": "oneHigher",
                  "placeholder_text": "type here"
                },
                {
                  "offset": 181,
                  "length": 9,
                  "hints": [
                    "Reference the frequency that is two octaves lower than myFrequency. "
                  ],
                  "possible_answer": "twoLower",
                  "placeholder_text": "type here"
                }
              ]
            }
          },
          "test_files": {
            "tests.py": "from test_helper import run_common_tests, failed, passed, get_answer_placeholders\n\n\ndef test_answer_placeholders():\n    placeholders \u003d get_answer_placeholders()\n    if isinstance(float(placeholders[0]), float)  \\\n        and placeholders[1].replace(\" \", \"\") \u003d\u003d \"oneHigher\u003dmyFrequency*2**1\" \\\n        and placeholders[2].replace(\" \", \"\") \u003d\u003d \"twoLower\u003dmyFrequency*2**-2\" \\\n        and placeholders[3] \u003d\u003d \"oneHigher\" \\\n        and placeholders[4] \u003d\u003d \"twoLower\":\n        passed()\n    else:\n        failed()\n\n\nif __name__ \u003d\u003d \u0027__main__\u0027:\n    run_common_tests()\n    test_answer_placeholders()       # TODO: uncomment test call\n\n\n"
          },
          "description_text": "When the frequencies are multiples of each other by a power of two, we call them **octaves**.\n\nBut how can we calculate powers of two?\n\nWe need to use exponents! In python, you use the `**` notation to calculate exponents.\n\nFor example, `1 * 2**2` calculates the frequency that is two octaves higher than 1Hz.\n\nYou task:\n* Create a float variable called myFrequency with some frequency (e.g. 261.6 Hz (middle C)).\n* Calculate the first octave higher than myFrequency, name it firstHigher.\n* Calculate the the second octave lower than myFrequency, name it secondLower.\n* Print your answers in one line, e.g. `print(\"One higher: \", a , \" and two lower:\", b)`\n",
          "description_format": "md",
          "additional_files": {},
          "update_date": "Dec 31, 1969 2:00:00 PM",
          "feedback_link": {
            "link_type": "STEPIK"
          },
          "task_type": "edu"
        }
      ],
      "type": "lesson"
    },
    {
      "id": 0,
      "update_date": "Dec 31, 1969 2:00:00 PM",
      "title": "If-Statements ",
      "task_list": [
        {
          "name": "My first if-statement",
          "stepic_id": 0,
          "task_files": {
            "task.py": {
              "name": "task.py",
              "text": "# given a random number between 1 and 10\nimport random\nmyNumber \u003d random.randint(1,10)\n\n# if statement\nif type here type here 5 :\n    # update myNumber\n    myNumber \u003d myNumber * 2\nelse:\n    pass\n\nprint (myNumber )\n",
              "placeholders": [
                {
                  "offset": 106,
                  "length": 9,
                  "hints": [
                    "Enter the variable that you want to evaluate in the condition. ",
                    "This should be myNumber. "
                  ],
                  "possible_answer": "myNumber",
                  "placeholder_text": "type here"
                },
                {
                  "offset": 116,
                  "length": 9,
                  "hints": [
                    "Evalaute if myNumber is less or eqaul to 5. "
                  ],
                  "possible_answer": "\u003c\u003d",
                  "placeholder_text": "type here"
                }
              ]
            }
          },
          "test_files": {
            "tests.py": "from test_helper import run_common_tests, failed, passed, get_answer_placeholders\n\n\ndef test_answer_placeholders():\n    placeholders \u003d get_answer_placeholders()\n    if placeholders[0] \u003d\u003d \u0027myNumber\u0027 \\\n            and placeholders[1] \u003d\u003d \u0027\u003c\u003d\u0027:       # TODO: your condition here\n        passed()\n    else:\n        failed()\n\n\nif __name__ \u003d\u003d \u0027__main__\u0027:\n    run_common_tests()\n    test_answer_placeholders()       # TODO: uncomment test call\n\n\n"
          },
          "description_text": "Conditional logic allows you to execute parts of program based on whether some condition is true or not.\n\nFor example, if a restaurant is closed, you need to come back when it\u0027s open, else you can enter.\n\nThe format is as follows:\n```\nif condition:\n    do this\nelse :\n    do something else\n```\n\nLet\u0027s explore different types on conditions that we can explore. Let\u0027s start with enforcing conditions on numbers, for example,\n* is a number larger than a critical value (`\u003e`)\n* is a number equal to a critical value (`\u003d\u003d`)\n* is a number less or equal to a critical value (`\u003c\u003d`)\n\nIn your first task, if a given number is less than 5, multiply it by 2, else do nothing (`pass`).\n\n",
          "description_format": "md",
          "additional_files": {},
          "update_date": "Dec 31, 1969 2:00:00 PM",
          "feedback_link": {
            "link_type": "STEPIK"
          },
          "task_type": "edu"
        },
        {
          "name": "More practice",
          "stepic_id": 0,
          "task_files": {
            "task.py": {
              "name": "task.py",
              "text": "# Generate random numbers a and b\nimport random\na \u003d random.randint(1, 10)\nb \u003d random.randint(1, 10)\n\n# first if statement\nif type here :\n    # calculate a/b and print it\n    print(type here)\nelse:\n    # calculate a*b and print it\n    print(type here)\n\n# generate two more random numbers\nc \u003d random.randint(1, 10)\nd \u003d random.randint(1, 10)\n\n# second if statement\ntype here\n    print(\"Yay, what are the odds?!\")\ntype here :\n    print(\"Oh no, the numbers are not equal.\")\n",
              "placeholders": [
                {
                  "offset": 125,
                  "length": 9,
                  "hints": [
                    "If a is larger than b. "
                  ],
                  "possible_answer": "a \u003e b",
                  "placeholder_text": "type here"
                },
                {
                  "offset": 180,
                  "length": 9,
                  "hints": [
                    "Calculate a divided by b. \n"
                  ],
                  "possible_answer": "a/b",
                  "placeholder_text": "type here"
                },
                {
                  "offset": 240,
                  "length": 9,
                  "hints": [
                    "Calculate a times b. "
                  ],
                  "possible_answer": "a*b",
                  "placeholder_text": "type here"
                },
                {
                  "offset": 362,
                  "length": 9,
                  "hints": [
                    "Start out your if statement here. ",
                    "Check if c is equal to d. "
                  ],
                  "possible_answer": "if c \u003d\u003d d :",
                  "placeholder_text": "type here"
                },
                {
                  "offset": 410,
                  "length": 9,
                  "hints": [
                    "complete the if-statement."
                  ],
                  "possible_answer": "else",
                  "placeholder_text": "type here"
                }
              ]
            }
          },
          "test_files": {
            "tests.py": "from test_helper import run_common_tests, failed, passed, get_answer_placeholders\n\n\ndef test_answer_placeholders():\n    placeholders \u003d get_answer_placeholders()\n    if placeholders[0].replace(\" \", \"\") \u003d\u003d \u0027a\u003eb\u0027 \\\n            and placeholders[1].replace(\" \", \"\") \u003d\u003d \u0027a/b\u0027 \\\n            and placeholders[2].replace(\" \", \"\") \u003d\u003d \u0027a*b\u0027 \\\n            and (placeholders[3].replace(\" \", \"\") \u003d\u003d \"ifc\u003d\u003dd:\"\n                 or placeholders[3].replace(\" \", \"\") \u003d\u003d \"if(c\u003d\u003dd):\")\\\n            and placeholders[4] \u003d\u003d \u0027else\u0027:       # TODO: your condition here\n        passed()\n    else:\n        failed()\n\n\nif __name__ \u003d\u003d \u0027__main__\u0027:\n    run_common_tests()\n    test_answer_placeholders()       # TODO: uncomment test call\n\n\n"
          },
          "description_text": "Let\u0027s practice more ... create two separate if statements.\n\nGiven two numbers, a and b, if a is bigger than b, than calculate a/b, else a*b.\n\nGiven two numbers, c and d, if c is equal to d, print \"Yay, what are the odds?!\", else print \"The numbers are not equal.\"\n",
          "description_format": "md",
          "additional_files": {},
          "update_date": "Dec 31, 1969 2:00:00 PM",
          "feedback_link": {
            "link_type": "STEPIK"
          },
          "task_type": "edu"
        }
      ],
      "type": "lesson"
    },
    {
      "id": 0,
      "update_date": "Dec 31, 1969 2:00:00 PM",
      "title": "Putting it together",
      "task_list": [
        {
          "name": "Octave checker",
          "stepic_id": 0,
          "task_files": {
            "task.py": {
              "name": "task.py",
              "text": "# import math library\nimport math\n\n# get the first input\nf0 \u003d type here(\"Enter the first frequency: \")\n\n# get the second input\nfn \u003d type here\n\n# convert f0 and fn to floats\nf0 \u003d float(type here)\nfn \u003d type here\n\n# calculate n as log_2(fn/f0) using the math.log2() function\nn \u003d type here\nrem \u003d n - int(n)\nprint(rem)\n\n# if statement ... check if the remainder is equal to 0\nif type here:\n    print(\"The two frequencies are octaves.\")\nelse:\n    print(\"The two freqeuncies are not octaves.\")\n",
              "placeholders": [
                {
                  "offset": 62,
                  "length": 9,
                  "hints": [
                    "Use the input function to get the user input. "
                  ],
                  "possible_answer": "input",
                  "placeholder_text": "type here"
                },
                {
                  "offset": 132,
                  "length": 9,
                  "hints": [
                    "Get the user input using the input() function."
                  ],
                  "possible_answer": "input(\"Enter the second frequency: \")",
                  "placeholder_text": "type here"
                },
                {
                  "offset": 184,
                  "length": 9,
                  "hints": [
                    "Convert f0 here. "
                  ],
                  "possible_answer": "f0",
                  "placeholder_text": "type here"
                },
                {
                  "offset": 200,
                  "length": 9,
                  "hints": [
                    "Convert fn to a float using the float() function. "
                  ],
                  "possible_answer": "float(fn)",
                  "placeholder_text": "type here"
                },
                {
                  "offset": 276,
                  "length": 9,
                  "hints": [
                    "Calculate the log base 2 of fn/f0. ",
                    "Use the math.log2() function. "
                  ],
                  "possible_answer": "math.log2(fn/f0)",
                  "placeholder_text": "type here"
                },
                {
                  "offset": 374,
                  "length": 9,
                  "hints": [
                    "Check if the remainder is equal to 0. "
                  ],
                  "possible_answer": "rem \u003d\u003d 0",
                  "placeholder_text": "type here"
                }
              ]
            }
          },
          "test_files": {
            "tests.py": "from test_helper import run_common_tests, failed, passed, get_answer_placeholders\n\n\ndef test_answer_placeholders():\n    placeholders \u003d get_answer_placeholders()\n    if placeholders[0] \u003d\u003d \"input\" \\\n        and \"input\" in placeholders[1] \\\n        and placeholders[2] \u003d\u003d \"f0\" \\\n        and placeholders[3].replace(\" \", \"\") \u003d\u003d \"float(fn)\" \\\n        and placeholders[4].replace(\" \", \"\") \u003d\u003d \"math.log2(fn/f0)\" \\\n        and placeholders[5].replace(\" \", \"\") \u003d\u003d \"rem\u003d\u003d0\" :\n        passed()\n    else:\n        failed()\n\n\nif __name__ \u003d\u003d \u0027__main__\u0027:\n    run_common_tests()\n    test_answer_placeholders()       # TODO: uncomment test call\n\n\n"
          },
          "description_text": "Let\u0027s see how we can attack last classes task (Activity 1.2, Task 2) using if statements.\n\nThe goal is to write a program that takes in two frequencies and evaluates if the two frequencies are octaves of each other.\n\nRemember, the equation for this is:\n\n`f_n \u003d f_0 * 2**n`\n\nSince n needs to be an integer, we can solve the equation for `n` and then evaluate if `n` is an integer or not. If so, the two frequencies are octaves.\n\n`n \u003d log_2(f_n / f_0)`\n\nIn this task, let\u0027s start with user inputs.\n* get inputs for two frequencies using the `input()` function.\n* convert the inputs to floating point numbers using the `float()` function\n* calculate n using the `math.log2()` from the math library\n* calculate the remainder of `n-int(n)` (should be zero if n has no decimal)\n* write an if statement to evaluate the remainder\n",
          "description_format": "md",
          "additional_files": {},
          "update_date": "Dec 31, 1969 2:00:00 PM",
          "feedback_link": {
            "link_type": "STEPIK"
          },
          "task_type": "edu"
        }
      ],
      "type": "lesson"
    },
    {
      "id": 0,
      "update_date": "Dec 31, 1969 2:00:00 PM",
      "title": "Edu additional materials",
      "task_list": [
        {
          "name": "Edu additional materials",
          "stepic_id": 0,
          "task_files": {},
          "test_files": {},
          "description_format": "md",
          "additional_files": {
            "test_helper.py": "import sys\n\n\ndef get_file_text(path):\n    \"\"\" Returns file text by path\"\"\"\n    file_io \u003d open(path, \"r\")\n    text \u003d file_io.read()\n    file_io.close()\n    return text\n\n\ndef get_file_output(encoding\u003d\"utf-8\", path\u003dsys.argv[-1], arg_string\u003d\"\"):\n    \"\"\"\n    Returns answer file output\n    :param encoding: to decode output in python3\n    :param path: path of file to execute\n    :return: list of strings\n    \"\"\"\n    import subprocess\n\n    proc \u003d subprocess.Popen([sys.executable, path], stdin\u003dsubprocess.PIPE, stdout\u003dsubprocess.PIPE,\n                            stderr\u003dsubprocess.STDOUT)\n    if arg_string:\n        for arg in arg_string.split(\"\\n\"):\n            proc.stdin.write(bytearray(str(arg) + \"\\n\", encoding))\n            proc.stdin.flush()\n\n    return list(map(lambda x: str(x.decode(encoding)), proc.communicate()[0].splitlines()))\n\n\ndef test_file_importable():\n    \"\"\" Tests there is no obvious syntax errors\"\"\"\n    path \u003d sys.argv[-1]\n    if not path.endswith(\".py\"):\n        import os\n\n        parent \u003d os.path.abspath(os.path.join(path, os.pardir))\n        python_files \u003d [f for f in os.listdir(parent) if os.path.isfile(os.path.join(parent, f)) and f.endswith(\".py\")]\n        for python_file in python_files:\n            if python_file \u003d\u003d \"tests.py\":\n                continue\n            check_importable_path(os.path.join(parent, python_file))\n        return\n    check_importable_path(path)\n\n\ndef check_importable_path(path):\n    \"\"\" Checks that file is importable.\n        Reports failure otherwise.\n    \"\"\"\n    saved_input \u003d patch_input()\n    try:\n        import_file(path)\n    except:\n        failed(\"The file contains syntax errors\", test_file_importable.__name__)\n        return\n    finally:\n        revert_input(saved_input)\n\n    passed(test_file_importable.__name__)\n\n\ndef patch_input():\n    def mock_fun(_m\u003d\"\"):\n        return \"mock\"\n\n    if sys.version_info[0] \u003d\u003d 3:\n        import builtins\n        save_input \u003d builtins.input\n        builtins.input \u003d mock_fun\n        return save_input\n    elif sys.version_info[0] \u003d\u003d 2:\n        import __builtin__\n        save_input \u003d __builtin__.raw_input\n        __builtin__.raw_input \u003d mock_fun\n        __builtin__.input \u003d mock_fun\n        return save_input\n\n\ndef revert_input(saved_input):\n    if sys.version_info[0] \u003d\u003d 3:\n        import builtins\n        builtins.input \u003d saved_input\n    elif sys.version_info[0] \u003d\u003d 2:\n        import __builtin__\n        __builtin__.raw_input \u003d saved_input\n        __builtin__.input \u003d saved_input\n\n\ndef import_file(path):\n    \"\"\" Returns imported file \"\"\"\n    if sys.version_info[0] \u003d\u003d 2 or sys.version_info[1] \u003c 3:\n        import imp\n\n        return imp.load_source(\"tmp\", path)\n    elif sys.version_info[0] \u003d\u003d 3:\n        import importlib.machinery\n\n        return importlib.machinery.SourceFileLoader(\"tmp\", path).load_module(\"tmp\")\n\n\ndef import_task_file():\n    \"\"\" Returns imported file.\n        Imports file from which check action was run\n    \"\"\"\n    path \u003d sys.argv[-1]\n    return import_file(path)\n\n\ndef test_is_not_empty():\n    \"\"\"\n        Checks that file is not empty\n    \"\"\"\n    path \u003d sys.argv[-1]\n    file_text \u003d get_file_text(path)\n\n    if len(file_text) \u003e 0:\n        passed()\n    else:\n        failed(\"The file is empty. Please, reload the task and try again.\")\n\n\ndef test_text_equals(text, error_text):\n    \"\"\"\n        Checks that answer equals text.\n    \"\"\"\n    path \u003d sys.argv[-1]\n    file_text \u003d get_file_text(path)\n\n    if file_text.strip() \u003d\u003d text:\n        passed()\n    else:\n        failed(error_text)\n\n\ndef test_answer_placeholders_text_deleted(error_text\u003d\"Don\u0027t just delete task text\"):\n    \"\"\"\n        Checks that all answer placeholders are not empty\n    \"\"\"\n    windows \u003d get_answer_placeholders()\n\n    for window in windows:\n        if len(window) \u003d\u003d 0:\n            failed(error_text)\n            return\n    passed()\n\n\ndef set_congratulation_message(message):\n    \"\"\" Overrides default \u0027Congratulations!\u0027 message \"\"\"\n    print(\"#educational_plugin CONGRATS_MESSAGE \" + message)\n\n\ndef failed(message\u003d\"Please, reload the task and try again.\", name\u003dNone):\n    \"\"\" Reports failure \"\"\"\n    if not name:\n        name \u003d sys._getframe().f_back.f_code.co_name\n    print(\"#educational_plugin \" + name + \" FAILED + \" + message)\n\n\ndef passed(name\u003dNone):\n    \"\"\" Reports success \"\"\"\n    if not name:\n        name \u003d sys._getframe().f_back.f_code.co_name\n    print(\"#educational_plugin \" + name + \" test OK\")\n\n\ndef get_answer_placeholders():\n    \"\"\"\n        Returns all answer placeholders text\n    \"\"\"\n    prefix \u003d \"#educational_plugin_window \u003d \"\n    path \u003d sys.argv[-1]\n    import os\n\n    file_name_without_extension \u003d os.path.splitext(path)[0]\n    windows_path \u003d file_name_without_extension + \"_windows\"\n    windows \u003d []\n    f \u003d open(windows_path, \"r\")\n    window_text \u003d \"\"\n    first \u003d True\n    for line in f.readlines():\n        if line.startswith(prefix):\n            if not first:\n                windows.append(window_text.strip())\n            else:\n                first \u003d False\n            window_text \u003d line[len(prefix):]\n        else:\n            window_text +\u003d line\n\n    if window_text:\n        windows.append(window_text.strip())\n\n    f.close()\n    return windows\n\n\ndef check_samples(samples\u003d()):\n    \"\"\"\n      Check script output for all samples. Sample is a two element list, where the first is input and\n      the second is output.\n    \"\"\"\n    for sample in samples:\n        if len(sample) \u003d\u003d 2:\n            output \u003d get_file_output(arg_string\u003dstr(sample[0]))\n            if \"\\n\".join(output) !\u003d sample[1]:\n                failed(\n                    \"Test from samples failed: \\n \\n\"\n                    \"Input:\\n{}\"\n                    \"\\n \\n\"\n                    \"Expected:\\n{}\"\n                    \"\\n \\n\"\n                    \"Your result:\\n{}\".format(str.strip(sample[0]), str.strip(sample[1]), \"\\n\".join(output)))\n                return\n        set_congratulation_message(\"All test from samples passed. Now we are checking your solution on Stepik server.\")\n\n    passed()\n\n\ndef run_common_tests(error_text\u003d\"Please, reload file and try again\"):\n    test_is_not_empty()\n    test_answer_placeholders_text_deleted()\n    test_file_importable()\n"
          },
          "update_date": "Dec 31, 1969 2:00:00 PM",
          "feedback_link": {
            "link_type": "STEPIK"
          },
          "task_type": "edu"
        }
      ],
      "type": "lesson"
    }
  ]
}