{
  "summary": "This class continues teaching if-statements and lists. ",
  "title": "Hoomaluo - Unit 1 - Module 3",
  "programming_language": "Python",
  "language": "en",
  "items": [
    {
      "id": 0,
      "update_date": "Dec 31, 1969 2:00:00 PM",
      "title": "If-Statements",
      "task_list": [
        {
          "name": "First If-Statement",
          "stepic_id": 0,
          "task_files": {
            "task.py": {
              "name": "task.py",
              "text": "# create myNumber and give it a value, e.g. 25.3\nmyNumber \u003d 25.3\n\n# if statement\nif myNumber type here 5 :\n    # print that your number is less than or equal to 5\n    print(\"My number is less than or equal to 5.\")\n\n    # update myNumber\n    myNumber \u003d type here\n\ntype here:\n    # print that your number is larger than 5.\n    print(\"My number is larger than 5.\")\n    pass\n\nprint (myNumber)\n\n",
              "placeholders": [
                {
                  "offset": 93,
                  "length": 9,
                  "hints": [
                    "Add the correct comparison here. ",
                    "What symbol represents \"less than or equal to\" ? "
                  ],
                  "possible_answer": "\u003c\u003d",
                  "placeholder_text": "type here"
                },
                {
                  "offset": 252,
                  "length": 9,
                  "hints": [
                    "Multiply myNumber by 2. "
                  ],
                  "possible_answer": "myNumber * 2",
                  "placeholder_text": "type here"
                },
                {
                  "offset": 263,
                  "length": 9,
                  "hints": [
                    "Complete the if statement here. ",
                    "What comes after if in an if-else statement. "
                  ],
                  "possible_answer": "else",
                  "placeholder_text": "type here"
                }
              ]
            }
          },
          "test_files": {
            "tests.py": "from test_helper import run_common_tests, failed, passed, get_answer_placeholders\n\n\ndef test_answer_placeholders():\n    placeholders \u003d get_answer_placeholders()\n    if placeholders[0].replace(\" \", \"\") \u003d\u003d \"\u003c\u003d\" and \\\n        placeholders[1].replace(\" \", \"\") \u003d\u003d \"myNumber*2\" and \\\n        placeholders[2].replace(\" \", \"\") \u003d\u003d \"else\":\n        passed()\n    else:\n        failed()\n\n\nif __name__ \u003d\u003d \u0027__main__\u0027:\n    run_common_tests()\n    test_answer_placeholders()       # TODO: uncomment test call\n\n\n"
          },
          "description_text": "Conditional logic allows you to execute parts of program based on whether some condition is true or not.\n\nFor example, if a restaurant is closed, you need to come back when it\u0027s open, else you can enter.\n\nThe format is as follows:\n```\nif condition:\n    do this\nelse :\n    do something else\n```\n\nLet\u0027s explore different types on conditions that we can explore. Let\u0027s start with enforcing conditions on numbers, for example,\n* is a number larger than a critical value (`\u003e`)\n* is a number equal to a critical value (`\u003d\u003d`)\n* is a number less or equal to a critical value (`\u003c\u003d`)\n\nIn your first task, if a given number is less than 5, multiply it by 2, else do nothing (`pass`).\n\n",
          "description_format": "md",
          "additional_files": {},
          "update_date": "Dec 31, 1969 2:00:00 PM",
          "feedback_link": {
            "link_type": "STEPIK"
          },
          "task_type": "edu"
        },
        {
          "name": "Number Comparison",
          "stepic_id": 0,
          "task_files": {
            "task.py": {
              "name": "task.py",
              "text": "# number variables\na \u003d 2\nb \u003d 23.2\nc \u003d 23.19999\n\n# first if-statement\nif type here:\n    type here\nelse:\n    print(\"Sorry, condition is not met.\")\n\n# second if-statement\nif type here:\n    print(\"Yep, it\u0027s larger than or equal to 3.\")\nelse:\n    print(\"Sorry, condition is not met.\")\n\n# third-statement\nif type here:\n    print(\"Yep, it\u0027s not equal to b.\")\nelse:\n    print(\"Sorry, condition is not met.\")\n",
              "placeholders": [
                {
                  "offset": 72,
                  "length": 9,
                  "hints": [
                    "Enter your first condition here. ",
                    "You can use `\u003d\u003d` or `is` for the comparison. ",
                    "You should use variable a. "
                  ],
                  "possible_answer": "a is 5",
                  "placeholder_text": "type here"
                },
                {
                  "offset": 87,
                  "length": 9,
                  "hints": [
                    "Print your response. "
                  ],
                  "possible_answer": "print(\"Yep, it\u0027s equal to 5.\")",
                  "placeholder_text": "type here"
                },
                {
                  "offset": 171,
                  "length": 9,
                  "hints": [
                    "Add your second condition here using b. ",
                    "Use the larger than or equal comparison. ",
                    "The symbol to use is \u003e\u003d"
                  ],
                  "possible_answer": "b \u003e\u003d 3",
                  "placeholder_text": "type here"
                },
                {
                  "offset": 302,
                  "length": 9,
                  "hints": [
                    "This is your last condition using both c and b. ",
                    "Don\u0027t use the value of b, use the variable b. "
                  ],
                  "possible_answer": "c is not b",
                  "placeholder_text": "type here"
                }
              ]
            }
          },
          "test_files": {
            "tests.py": "from test_helper import run_common_tests, failed, passed, get_answer_placeholders\n\n\ndef test_answer_placeholders():\n    placeholders \u003d get_answer_placeholders()\n\n    if (placeholders[0].replace(\" \", \"\") \u003d\u003d \"a\u003d\u003d5\" or \\\n            placeholders[0].replace(\" \", \"\") \u003d\u003d \"ais5\") and \\\n        (placeholders[2].replace(\" \", \"\") \u003d\u003d \"b\u003e\u003d3\") and \\\n        (placeholders[3].replace(\" \", \"\") \u003d\u003d \"c!\u003db\" or \\\n         placeholders[3].replace(\" \", \"\") \u003d\u003d \"cisnotb\"):       # TODO: your condition here\n        passed()\n    else:\n        failed()\n\n\nif __name__ \u003d\u003d \u0027__main__\u0027:\n    run_common_tests()\n    test_answer_placeholders()       # TODO: uncomment test call\n\n\n"
          },
          "description_text": "In the last if statement, we based the condition based on a number by checking that it is less than or equal to (`\u003c\u003d`) or not. \n\nOther comparisons than can be used for number are:\n* less than `\u003c`\n* larger than `\u003e`\n* equal to `\u003d\u003d` or `is`\n* not equal to `!\u003d` or `is not`\n* less than or equal to `\u003c\u003d`\n* larger than or equal to `\u003e\u003d`\n\nYour task:\n* create an if statement that checks if a is equal to 5, print: `\"Yep, it\u0027s equal to 5.\"`.\n* create an if statement that checks if b is larger than or equal to 3, print: `\"Yep, it\u0027s larger than or equal to 3.\"`\n* create an if statement that checks if c is not equal b, print: `\"Yep, it\u0027s not equal to b.\"`\n\nNote:\nThere are usually many approach to achieve the same logic, please follow the instructions closely so that the automated tests will succeed. For example, if you\u0027re supposed to check if a is less than 2, use the `a \u003c 2` condition rather than `2 \u003e\u003d a`.\n\n",
          "description_format": "md",
          "additional_files": {},
          "update_date": "Dec 31, 1969 2:00:00 PM",
          "feedback_link": {
            "link_type": "STEPIK"
          },
          "task_type": "edu"
        },
        {
          "name": "String comparison",
          "stepic_id": 0,
          "task_files": {
            "task.py": {
              "name": "task.py",
              "text": "# string definitions\ns1 \u003d \",\"\ns2 \u003d \"Hello, World!\"\ns3 \u003d \". A\"\ns4 \u003d \"Gene-sequence data is changing the way that botanists think about their classification schemes.\"\ns5 \u003d  \"A recent name-change for a common houseplant resulted from the discovery that it belonged in an overlooked genus.\"\n\n# first if statement\nif type here:\n    print(\"True, \", s1, \"is contained in the phrase: \", s2)\nelse :\n    print(\"False, it\u0027s not\")\n\n# second if statement\nif s3 type here s4+s5 :\n    print(\"True, \", s3, \"is not contained in the phrase: \", s4+s5)\nelse :\n    print(\"False, it is. \")\n",
              "placeholders": [
                {
                  "offset": 312,
                  "length": 9,
                  "hints": [
                    "Check if s1 is contained in s2. ",
                    "Use the `in` comparison operator. "
                  ],
                  "possible_answer": "s1 in s2",
                  "placeholder_text": "type here"
                },
                {
                  "offset": 448,
                  "length": 9,
                  "hints": [
                    "Check if it is not contained in s4+s5. "
                  ],
                  "possible_answer": "not in",
                  "placeholder_text": "type here"
                }
              ]
            }
          },
          "test_files": {
            "tests.py": "from test_helper import run_common_tests, failed, passed, get_answer_placeholders\n\n\ndef test_answer_placeholders():\n    placeholders \u003d get_answer_placeholders()\n\n    if (placeholders[0].replace(\" \", \"\") \u003d\u003d \"s1ins2\" or\n            placeholders[0].replace(\" \", \"\") \u003d\u003d \"s1\u003d\u003ds2\") and \\\n            (placeholders[1].replace(\" \", \"\") \u003d\u003d \"notin\" or\n                    placeholders[1].replace(\" \", \"\") \u003d\u003d \"!\u003d\" ) :       # TODO: your condition here\n        passed()\n    else:\n        failed()\n\n\nif __name__ \u003d\u003d \u0027__main__\u0027:\n    run_common_tests()\n    test_answer_placeholders()       # TODO: uncomment test call\n\n\n"
          },
          "description_text": "So far, we\u0027ve only used variables of type `int` or `float` in our if-statement conditions. Let\u0027s change that.\n\nWe can just as easily use strings in our comparison. The most usefule comparison operators are:\n* equal: `\u003d\u003d` or `is`\n* not equal: `!\u003d` or `is not`\n* contains: `in`\n* does not contain: `not in`\n\nFor example, to check if the word `wave` is in string `myString`, we can write:\n```py\nif \u0027wave\u0027 in myString:\n    print(\"yes, the word wave is in \", myString)\nelse:\n    print(\"nope, it\u0027s not.\")\n```\n\nYour task:\n* write an if-statement to check if `s1` is in `s2`.\n* write an if-statement to check if `s3` is in `s4+s5`.\n",
          "description_format": "md",
          "additional_files": {},
          "update_date": "Dec 31, 1969 2:00:00 PM",
          "feedback_link": {
            "link_type": "STEPIK"
          },
          "task_type": "edu"
        },
        {
          "name": "Introducing elif",
          "stepic_id": 0,
          "task_files": {
            "task.py": {
              "name": "task.py",
              "text": "# person\u0027s age\nage \u003d 15\n\n# if statement\nif type here :\n    print(\"You are too young.\")\nelif type here and type here:\n    print(\"You need a guardian to come with you.\")\nelse:\n    print(\"You are old enough.\")\n\n",
              "placeholders": [
                {
                  "offset": 43,
                  "length": 9,
                  "hints": [
                    "Condition to check if the age is less than 12. "
                  ],
                  "possible_answer": "age \u003c 12",
                  "placeholder_text": "type here"
                },
                {
                  "offset": 92,
                  "length": 9,
                  "hints": [
                    "First part of the second condition. ",
                    "Check if the age is larger than or equal to 12. "
                  ],
                  "possible_answer": "age \u003e\u003d 12",
                  "placeholder_text": "type here"
                },
                {
                  "offset": 106,
                  "length": 9,
                  "hints": [
                    "Second half of the condition. Check that the age is less than 18. "
                  ],
                  "possible_answer": "age \u003c 18",
                  "placeholder_text": "type here"
                }
              ]
            }
          },
          "test_files": {
            "tests.py": "from test_helper import run_common_tests, failed, passed, get_answer_placeholders\n\n\ndef test_answer_placeholders():\n    placeholders \u003d get_answer_placeholders()\n    if placeholders[0].replace(\" \", \"\") \u003d\u003d \"age\u003c12\" and \\\n            placeholders[1].replace(\" \", \"\") \u003d\u003d \"age\u003e\u003d12\" and \\\n            placeholders[2].replace(\" \", \"\") \u003d\u003d \"age\u003c18\" :       # TODO: your condition here\n        passed()\n    else:\n        failed()\n\n\nif __name__ \u003d\u003d \u0027__main__\u0027:\n    run_common_tests()\n    test_answer_placeholders()       # TODO: uncomment test call\n\n\n"
          },
          "description_text": "So far we\u0027ve been limited to a single comparison condition. Oftentimes, you want to distinguish more cases.\n\nFor example,\n* children under the age of 12 are not allowed to watch this movie\n* children between 12 and 18 are allowed to watch this movie with their guardians\n* everyone else (above 18) is allowed to watch the movie\n\nSo here\u0027 we need more than just the simple if-else. In Python, we can do this using the `elif`.\n\nThe structure is as follows:\n```pseudoe\nif condition1:\n    do this\nelif condition2:\n    do that\nelse:\n    do something else\n```\n\nIn addition, if you want to check two things in one condition (e.g. above 12 and below 18), you use the `and` or `or` operator.\n\n```py\nif today is not \"Wednesday\" and today is not \"Friday\":\n    print(\"We can watch a movie.\")\n```\n\n```py\nif today is \u0027Wednesday\u0027 or today is \u0027Friday\u0027:\n    print(\"We cannot watch a move.\")\n```\n\nYour task is to implement the logic described above.\n",
          "description_format": "md",
          "additional_files": {},
          "update_date": "Dec 31, 1969 2:00:00 PM",
          "feedback_link": {
            "link_type": "STEPIK"
          },
          "task_type": "edu"
        }
      ],
      "type": "lesson"
    },
    {
      "id": 0,
      "update_date": "Dec 31, 1969 2:00:00 PM",
      "title": "Lists",
      "task_list": [
        {
          "name": "Creating lists",
          "stepic_id": 0,
          "task_files": {
            "task.py": {
              "name": "task.py",
              "text": "# create l1: 1, 2, 9, 7, 3\nl1 \u003d type here\n\n# create l2: 5, 4, 8, 6\nl2 \u003d type here\n\n# combine l1 and l2 as l3\nl3 \u003d type here\n\n# sort them and store as l3\nl3 \u003d type here(l3)\n\n# print l3\nprint(l3)\n",
              "placeholders": [
                {
                  "offset": 32,
                  "length": 9,
                  "hints": [
                    "Create a list by putting elements into square brackets [] and seperating each element by a comma. "
                  ],
                  "possible_answer": "[1, 2, 9, 7, 3]",
                  "placeholder_text": "type here"
                },
                {
                  "offset": 72,
                  "length": 9,
                  "hints": [
                    "Create a list by putting elements into square brackets [] and seperating each element by a comma. "
                  ],
                  "possible_answer": "[5, 4, 8, 6]",
                  "placeholder_text": "type here"
                },
                {
                  "offset": 114,
                  "length": 9,
                  "hints": [
                    "Use the + operator to concat two strings. "
                  ],
                  "possible_answer": "l1 + l2",
                  "placeholder_text": "type here"
                },
                {
                  "offset": 158,
                  "length": 9,
                  "hints": [
                    "Use the sorted function to sort the elements in l3. "
                  ],
                  "possible_answer": "sorted",
                  "placeholder_text": "type here"
                }
              ]
            }
          },
          "test_files": {
            "tests.py": "from test_helper import run_common_tests, failed, passed, get_answer_placeholders\n\n\ndef test_answer_placeholders():\n    placeholders \u003d get_answer_placeholders()\n    if placeholders[0].replace(\" \", \"\") \u003d\u003d \"[1,2,9,7,3]\" and \\\n            placeholders[1].replace(\" \", \"\") \u003d\u003d \"[5,4,8,6]\" and \\\n            (placeholders[2].replace(\" \", \"\") \u003d\u003d \"l1+l2\" or\n                    placeholders[2].replace(\" \", \"\") \u003d\u003d \"l2+l1\" ) and \\\n            placeholders[3] \u003d\u003d \"sorted\" :\n        passed()\n    else:\n        failed()\n\n\nif __name__ \u003d\u003d \u0027__main__\u0027:\n    run_common_tests()\n    test_answer_placeholders()       # TODO: uncomment test call\n\n\n"
          },
          "description_text": "Python has an awesome built-in list type, \"lists\". Lists are written in square brackets and are very similar to strings.\n\nYou can access elements in the list using square brackets, `[]`, and check retrieve the length using the `len()`.\n\nLists start with index 0.\n\nLists can contain various data types, such as integer, floats, strings, tuples, etc.\n\nYou can even have different data types in a single list, but some operations, e.g. sorting, may not be supported.\n\nYour tasks:\n\n* Create a list l1 with elements `1, 2, 9, 7, 3` in this order\n* Create a list l2 with elements `5, 4, 8, 6 in` this order\n* Combine the two lists and name the new list `l3`. Use the \u0027+\u0027 operator to concatenate lists.\n* Sort the list in ascending order using the `sorted()` operate, i.e. `sorted(l3)`, and save the sorted list as `l3`.\n\n\n\n",
          "description_format": "md",
          "additional_files": {},
          "update_date": "Dec 31, 1969 2:00:00 PM",
          "feedback_link": {
            "link_type": "STEPIK"
          },
          "task_type": "edu"
        },
        {
          "name": "Accessing elements ",
          "stepic_id": 0,
          "task_files": {
            "task.py": {
              "name": "task.py",
              "text": "# define myList here\nmyList \u003d [1, 3, 5, 9, 25]\n\n# print the length of myList\nprint(type here)\n\n# multiply index 2 and 3 and print the result\nprint(type here)\n\n# update the first element by cubing itself\ntype here \u003d type here\n\n# print the updated list\nprint(myList)\n",
              "placeholders": [
                {
                  "offset": 83,
                  "length": 9,
                  "hints": [
                    "Use the len() operatore to get the number of elements in myList. "
                  ],
                  "possible_answer": "len(myList)",
                  "placeholder_text": "type here"
                },
                {
                  "offset": 147,
                  "length": 9,
                  "hints": [
                    "The second element has index 2 and the 3rd element index 3. "
                  ],
                  "possible_answer": "myList[2] * myList[3]",
                  "placeholder_text": "type here"
                },
                {
                  "offset": 203,
                  "length": 9,
                  "hints": [
                    "Update the element with index 1 from myList. "
                  ],
                  "possible_answer": "myList[1]",
                  "placeholder_text": "type here"
                },
                {
                  "offset": 215,
                  "length": 9,
                  "hints": [
                    "Cube the element with index 1 in myList. "
                  ],
                  "possible_answer": "myList[1]**3",
                  "placeholder_text": "type here"
                }
              ]
            }
          },
          "test_files": {
            "tests.py": "from test_helper import run_common_tests, failed, passed, get_answer_placeholders\n\n\ndef test_answer_placeholders():\n    placeholders \u003d get_answer_placeholders()\n    if placeholders[0].replace(\" \", \"\") \u003d\u003d \"len(myList)\" and \\\n            (placeholders[1].replace(\" \", \"\") \u003d\u003d \"myList[2]*myList[3]\" or\n                    placeholders[1].replace(\" \", \"\") \u003d\u003d \"myList[3]*myList[2]\") and \\\n            placeholders[2] \u003d\u003d \"myList[1]\" and \\\n            placeholders[3].replace(\" \", \"\") \u003d\u003d \"myList[1]**3\" :       # TODO: your condition here\n        passed()\n    else:\n        failed()\n\n\nif __name__ \u003d\u003d \u0027__main__\u0027:\n    run_common_tests()\n    test_answer_placeholders()       # TODO: uncomment test call\n\n\n"
          },
          "description_text": "As mentioned, we access elements of the list using square brackets.\n\nFor example, given the list `myList \u003d [1, 2, 3, 4, 5]`, we can access number for as `myList[3]`.\n\nWe can use individual elements in calculations of other operations, e.g. I can update the 2nd element (index 2) as `myList[2] \u003d myList[2]**2`. Note, we refer to index as the zeroth element.\n\nGiven the list myList, your task is to:\n* print the length of myList using the `len()` operator\n* print the results of multiply elements the 2nd and 3rd element.\n* update the first element by cubing it.\n\n",
          "description_format": "md",
          "additional_files": {},
          "update_date": "Dec 31, 1969 2:00:00 PM",
          "feedback_link": {
            "link_type": "STEPIK"
          },
          "task_type": "edu"
        },
        {
          "name": "Building lists",
          "stepic_id": 0,
          "task_files": {
            "task.py": {
              "name": "task.py",
              "text": "# start with an empty list called myNotes\nmyNotes \u003d type here\n\n# add the frequency 220 Hz to it\nmyNotes.type here\n\n# add the first octave using the zeroth element in the list\nmyNotes.append(type here*2)\n\n# add the second octave using the first element in the list\nmyNotes.type here\n\nprint(myNotes)\n",
              "placeholders": [
                {
                  "offset": 52,
                  "length": 9,
                  "hints": [
                    "You can create empty lists using empty square brackets: []. "
                  ],
                  "possible_answer": "[]",
                  "placeholder_text": "type here"
                },
                {
                  "offset": 104,
                  "length": 9,
                  "hints": [
                    "Append 220 to your empty list. "
                  ],
                  "possible_answer": "append(220)",
                  "placeholder_text": "type here"
                },
                {
                  "offset": 190,
                  "length": 9,
                  "hints": [
                    "Use the 0th element from the list to compute the next element. "
                  ],
                  "possible_answer": "myNotes[0]",
                  "placeholder_text": "type here"
                },
                {
                  "offset": 272,
                  "length": 9,
                  "hints": [
                    "append the 2nd octave using the append() function. ",
                    "Use the first element, myNotes[1] to calculate the next octave. ",
                    "You can calculate the octave by multiplying the previous frequency times 2. "
                  ],
                  "possible_answer": "append(myNotes[1]*2)",
                  "placeholder_text": "type here"
                }
              ]
            }
          },
          "test_files": {
            "tests.py": "from test_helper import run_common_tests, failed, passed, get_answer_placeholders\n\n\ndef test_answer_placeholders():\n    placeholders \u003d get_answer_placeholders()\n    if placeholders[0] \u003d\u003d \"[]\" and \\\n            placeholders[1].replace(\" \", \"\") \u003d\u003d \"append(220)\" and \\\n            placeholders[2] \u003d\u003d \"myNotes[0]\" and \\\n            placeholders[3].replace(\" \", \"\") \u003d\u003d \"append(myNotes[1]*2)\":       # TODO: your condition here\n        passed()\n    else:\n        failed()\n\n\nif __name__ \u003d\u003d \u0027__main__\u0027:\n    run_common_tests()\n    test_answer_placeholders()       # TODO: uncomment test call\n\n"
          },
          "description_text": "So far, we\u0027ve always started with lists with elements in them.\n\nOftentimes, we want to start with empty lists and then build them up as we write the program.\n\nFor example, you can start with an empty list of notes, and then keep adding notes as you calculated them.\n\nYou can add elements to lists, by appending them. For example,\n\n```py\nmyList \u003d []\nmyList.append(1)\n```\n\nYour task:\n* create an empty list called `myNotes`\n* add the frequency 220 to your list\n* calculate the first octave and add it to your list\n* calculate the second octave and add it to your list (this should be the frequency of A3)\n* print your list\n\n\n",
          "description_format": "md",
          "additional_files": {},
          "update_date": "Dec 31, 1969 2:00:00 PM",
          "feedback_link": {
            "link_type": "STEPIK"
          },
          "task_type": "edu"
        }
      ],
      "type": "lesson"
    },
    {
      "id": 0,
      "update_date": "Dec 31, 1969 2:00:00 PM",
      "title": "Edu additional materials",
      "task_list": [
        {
          "name": "Edu additional materials",
          "stepic_id": 0,
          "task_files": {},
          "test_files": {},
          "description_format": "md",
          "additional_files": {
            "test_helper.py": "import sys\n\n\ndef get_file_text(path):\n    \"\"\" Returns file text by path\"\"\"\n    file_io \u003d open(path, \"r\")\n    text \u003d file_io.read()\n    file_io.close()\n    return text\n\n\ndef get_file_output(encoding\u003d\"utf-8\", path\u003dsys.argv[-1], arg_string\u003d\"\"):\n    \"\"\"\n    Returns answer file output\n    :param encoding: to decode output in python3\n    :param path: path of file to execute\n    :return: list of strings\n    \"\"\"\n    import subprocess\n\n    proc \u003d subprocess.Popen([sys.executable, path], stdin\u003dsubprocess.PIPE, stdout\u003dsubprocess.PIPE,\n                            stderr\u003dsubprocess.STDOUT)\n    if arg_string:\n        for arg in arg_string.split(\"\\n\"):\n            proc.stdin.write(bytearray(str(arg) + \"\\n\", encoding))\n            proc.stdin.flush()\n\n    return list(map(lambda x: str(x.decode(encoding)), proc.communicate()[0].splitlines()))\n\n\ndef test_file_importable():\n    \"\"\" Tests there is no obvious syntax errors\"\"\"\n    path \u003d sys.argv[-1]\n    if not path.endswith(\".py\"):\n        import os\n\n        parent \u003d os.path.abspath(os.path.join(path, os.pardir))\n        python_files \u003d [f for f in os.listdir(parent) if os.path.isfile(os.path.join(parent, f)) and f.endswith(\".py\")]\n        for python_file in python_files:\n            if python_file \u003d\u003d \"tests.py\":\n                continue\n            check_importable_path(os.path.join(parent, python_file))\n        return\n    check_importable_path(path)\n\n\ndef check_importable_path(path):\n    \"\"\" Checks that file is importable.\n        Reports failure otherwise.\n    \"\"\"\n    saved_input \u003d patch_input()\n    try:\n        import_file(path)\n    except:\n        failed(\"The file contains syntax errors\", test_file_importable.__name__)\n        return\n    finally:\n        revert_input(saved_input)\n\n    passed(test_file_importable.__name__)\n\n\ndef patch_input():\n    def mock_fun(_m\u003d\"\"):\n        return \"mock\"\n\n    if sys.version_info[0] \u003d\u003d 3:\n        import builtins\n        save_input \u003d builtins.input\n        builtins.input \u003d mock_fun\n        return save_input\n    elif sys.version_info[0] \u003d\u003d 2:\n        import __builtin__\n        save_input \u003d __builtin__.raw_input\n        __builtin__.raw_input \u003d mock_fun\n        __builtin__.input \u003d mock_fun\n        return save_input\n\n\ndef revert_input(saved_input):\n    if sys.version_info[0] \u003d\u003d 3:\n        import builtins\n        builtins.input \u003d saved_input\n    elif sys.version_info[0] \u003d\u003d 2:\n        import __builtin__\n        __builtin__.raw_input \u003d saved_input\n        __builtin__.input \u003d saved_input\n\n\ndef import_file(path):\n    \"\"\" Returns imported file \"\"\"\n    if sys.version_info[0] \u003d\u003d 2 or sys.version_info[1] \u003c 3:\n        import imp\n\n        return imp.load_source(\"tmp\", path)\n    elif sys.version_info[0] \u003d\u003d 3:\n        import importlib.machinery\n\n        return importlib.machinery.SourceFileLoader(\"tmp\", path).load_module(\"tmp\")\n\n\ndef import_task_file():\n    \"\"\" Returns imported file.\n        Imports file from which check action was run\n    \"\"\"\n    path \u003d sys.argv[-1]\n    return import_file(path)\n\n\ndef test_is_not_empty():\n    \"\"\"\n        Checks that file is not empty\n    \"\"\"\n    path \u003d sys.argv[-1]\n    file_text \u003d get_file_text(path)\n\n    if len(file_text) \u003e 0:\n        passed()\n    else:\n        failed(\"The file is empty. Please, reload the task and try again.\")\n\n\ndef test_text_equals(text, error_text):\n    \"\"\"\n        Checks that answer equals text.\n    \"\"\"\n    path \u003d sys.argv[-1]\n    file_text \u003d get_file_text(path)\n\n    if file_text.strip() \u003d\u003d text:\n        passed()\n    else:\n        failed(error_text)\n\n\ndef test_answer_placeholders_text_deleted(error_text\u003d\"Don\u0027t just delete task text\"):\n    \"\"\"\n        Checks that all answer placeholders are not empty\n    \"\"\"\n    windows \u003d get_answer_placeholders()\n\n    for window in windows:\n        if len(window) \u003d\u003d 0:\n            failed(error_text)\n            return\n    passed()\n\n\ndef set_congratulation_message(message):\n    \"\"\" Overrides default \u0027Congratulations!\u0027 message \"\"\"\n    print(\"#educational_plugin CONGRATS_MESSAGE \" + message)\n\n\ndef failed(message\u003d\"Please, reload the task and try again.\", name\u003dNone):\n    \"\"\" Reports failure \"\"\"\n    if not name:\n        name \u003d sys._getframe().f_back.f_code.co_name\n    print(\"#educational_plugin \" + name + \" FAILED + \" + message)\n\n\ndef passed(name\u003dNone):\n    \"\"\" Reports success \"\"\"\n    if not name:\n        name \u003d sys._getframe().f_back.f_code.co_name\n    print(\"#educational_plugin \" + name + \" test OK\")\n\n\ndef get_answer_placeholders():\n    \"\"\"\n        Returns all answer placeholders text\n    \"\"\"\n    prefix \u003d \"#educational_plugin_window \u003d \"\n    path \u003d sys.argv[-1]\n    import os\n\n    file_name_without_extension \u003d os.path.splitext(path)[0]\n    windows_path \u003d file_name_without_extension + \"_windows\"\n    windows \u003d []\n    f \u003d open(windows_path, \"r\")\n    window_text \u003d \"\"\n    first \u003d True\n    for line in f.readlines():\n        if line.startswith(prefix):\n            if not first:\n                windows.append(window_text.strip())\n            else:\n                first \u003d False\n            window_text \u003d line[len(prefix):]\n        else:\n            window_text +\u003d line\n\n    if window_text:\n        windows.append(window_text.strip())\n\n    f.close()\n    return windows\n\n\ndef check_samples(samples\u003d()):\n    \"\"\"\n      Check script output for all samples. Sample is a two element list, where the first is input and\n      the second is output.\n    \"\"\"\n    for sample in samples:\n        if len(sample) \u003d\u003d 2:\n            output \u003d get_file_output(arg_string\u003dstr(sample[0]))\n            if \"\\n\".join(output) !\u003d sample[1]:\n                failed(\n                    \"Test from samples failed: \\n \\n\"\n                    \"Input:\\n{}\"\n                    \"\\n \\n\"\n                    \"Expected:\\n{}\"\n                    \"\\n \\n\"\n                    \"Your result:\\n{}\".format(str.strip(sample[0]), str.strip(sample[1]), \"\\n\".join(output)))\n                return\n        set_congratulation_message(\"All test from samples passed. Now we are checking your solution on Stepik server.\")\n\n    passed()\n\n\ndef run_common_tests(error_text\u003d\"Please, reload file and try again\"):\n    test_is_not_empty()\n    test_answer_placeholders_text_deleted()\n    test_file_importable()\n"
          },
          "update_date": "Dec 31, 1969 2:00:00 PM",
          "feedback_link": {
            "link_type": "STEPIK"
          },
          "task_type": "edu"
        }
      ],
      "type": "lesson"
    }
  ]
}