{
  "summary": "Sample course to introduce PyCharm Edu courses and some first Python programming basics. ",
  "title": "Hoomaluo - Unit 0 - Intro",
  "programming_language": "Python",
  "language": "en",
  "items": [
    {
      "id": 0,
      "update_date": "Dec 31, 1969 2:00:00 PM",
      "title": "Hello, World!",
      "task_list": [
        {
          "name": "Our first program",
          "stepic_id": 0,
          "task_files": {
            "task.py": {
              "name": "task.py",
              "text": "type here(\"Hello, world!\")\n",
              "placeholders": [
                {
                  "offset": 0,
                  "length": 9,
                  "hints": [
                    "The print() function allows you to print objects (e.g. strings, integers, floats, etc.). "
                  ],
                  "possible_answer": "print",
                  "placeholder_text": "type here"
                }
              ]
            }
          },
          "test_files": {
            "tests.py": "from test_helper import run_common_tests, failed, passed, get_answer_placeholders\n\n\ndef test_answer_placeholders():\n    placeholders \u003d get_answer_placeholders()\n    placeholder \u003d placeholders[0]\n    if placeholder \u003d\u003d \"print\":       # TODO: your condition here\n        passed()\n    else:\n        failed()\n\n\nif __name__ \u003d\u003d \u0027__main__\u0027:\n    run_common_tests()\n    test_answer_placeholders()       # TODO: uncomment test call\n"
          },
          "description_text": "The first program in most programming languages is `Hello, world!`.\n\nSo let\u0027s print `Hello, world!` to the console.\n",
          "description_format": "md",
          "additional_files": {},
          "update_date": "Dec 31, 1969 2:00:00 PM",
          "feedback_link": {
            "link_type": "STEPIK"
          },
          "task_type": "edu"
        },
        {
          "name": "Our second program",
          "stepic_id": 0,
          "task_files": {
            "task.py": {
              "name": "task.py",
              "text": "# Print a message here\ntype here(type here)\n",
              "placeholders": [
                {
                  "offset": 23,
                  "length": 9,
                  "hints": [
                    "The print() function allows you to print objects (e.g. strings, integers, etc.).\n"
                  ],
                  "possible_answer": "print",
                  "placeholder_text": "type here"
                },
                {
                  "offset": 33,
                  "length": 9,
                  "hints": [
                    "Insert you string here. Remember that \"\" should enclose your string as we did in \"Hello, World!\". "
                  ],
                  "possible_answer": "\"Hello, world! This is meow.\"",
                  "placeholder_text": "type here"
                }
              ]
            }
          },
          "test_files": {
            "tests.py": "from test_helper import run_common_tests, failed, passed, get_answer_placeholders\n\n\ndef test_answer_placeholders():\n    placeholders \u003d get_answer_placeholders()\n    print(placeholders)\n    if placeholders[0] \u003d\u003d \"print\" and isinstance(placeholders[1], str) :\n        passed()\n    else:\n        failed()\n\n\nif __name__ \u003d\u003d \u0027__main__\u0027:\n    run_common_tests()\n    test_answer_placeholders()\n\n"
          },
          "description_text": "Instead of just saying `Hello, World!`, also introduce yourself.\n\nYou could say something like `Hello, World! My name is MEOW.`\n\n",
          "description_format": "md",
          "additional_files": {},
          "update_date": "Dec 31, 1969 2:00:00 PM",
          "feedback_link": {
            "link_type": "STEPIK"
          },
          "task_type": "edu"
        },
        {
          "name": "Comments",
          "stepic_id": 0,
          "task_files": {
            "task.py": {
              "name": "task.py",
              "text": "# print Hello, World!\nprint(\"Hello, World!\")\n\n# create a string object and assign it the string \"This is a string with a # in it\"\nmyString \u003d \"This is a string with a # symbol in it\"\n\ntype here\nprint(myString)\n\nprint(\"You can also have comments in the same line!\")   # see, this is an in-line comment. Everything from here is ignored by the compiler. asdfasdfasdfasdfasdfasdf\n\nprint(\"Here, the # is part of the string and not a comment.\")    type here\n",
              "placeholders": [
                {
                  "offset": 183,
                  "length": 9,
                  "hints": [
                    "Write a comment here that describes what the following line does. ",
                    "Comments should start with a # symbol. "
                  ],
                  "possible_answer": "# this print statement prints the myString object",
                  "placeholder_text": "type here"
                },
                {
                  "offset": 441,
                  "length": 9,
                  "hints": [
                    "Add a comment that describes what this line of code does. ",
                    "Use an in-line comment here. "
                  ],
                  "possible_answer": "# the comment symbol is part of the string and will get printed to the screen.",
                  "placeholder_text": "type here"
                }
              ]
            }
          },
          "test_files": {
            "tests.py": "from test_helper import run_common_tests, failed, passed, get_answer_placeholders\n\n\ndef test_answer_placeholders():\n    placeholders \u003d get_answer_placeholders()\n    print(placeholders)\n    if placeholders[0].startswith(\"#\") and placeholders[1].startswith(\"#\"):       # TODO: your condition here\n        passed()\n    else:\n        failed()\n\n\nif __name__ \u003d\u003d \u0027__main__\u0027:\n    run_common_tests()\n    test_answer_placeholders()       # TODO: uncomment test call\n\n\n"
          },
          "description_text": "When it comes to programming, one finds that a program is only coded once, and then read over and over again.\nThis means that it\u0027s very important to make your program understandable to others (and yourself).\n\nBy default, Python enforces a very neat programming format that makes it easy to read.\n\nIn addition, you can add comments to your code to describe what a certain line or block of code means.\n\nYou can do a single line comment using the `#` symbol. Anything that follows the `#` is only relevant to the reader and not to the compiler that translates your code into machine language.\n\nIn the code shown,\n* add a comment above the second print statement describing what the print statement does.\n* add a comment above the fourth (last) print statement. What does this statement do? Use an in-line comment.\n\n\n",
          "description_format": "md",
          "additional_files": {},
          "update_date": "Dec 31, 1969 2:00:00 PM",
          "feedback_link": {
            "link_type": "STEPIK"
          },
          "task_type": "edu"
        }
      ],
      "type": "lesson"
    },
    {
      "id": 0,
      "update_date": "Dec 31, 1969 2:00:00 PM",
      "title": "Variables",
      "task_list": [
        {
          "name": "Define and print variables",
          "stepic_id": 0,
          "task_files": {
            "task.py": {
              "name": "task.py",
              "text": "# define your variable and assign it the specified value\ntype here \u003d type here\n\n# print the variable\ntype here\n",
              "placeholders": [
                {
                  "offset": 57,
                  "length": 9,
                  "hints": [
                    "This is where you specify the variable name. ",
                    "The variable name is myString. "
                  ],
                  "possible_answer": "myString",
                  "placeholder_text": "type here"
                },
                {
                  "offset": 69,
                  "length": 9,
                  "hints": [
                    "This is where you assign a value to your variable. You should assign it a string. ",
                    "Your string should be: This is my first variable . ",
                    "Remember, strings have double quotations around them. "
                  ],
                  "possible_answer": "\"This is my first variable.\"",
                  "placeholder_text": "type here"
                },
                {
                  "offset": 101,
                  "length": 9,
                  "hints": [
                    "You will need to use the print() command here. ",
                    "The object that you want to print is the myString object. "
                  ],
                  "possible_answer": "print(myString)",
                  "placeholder_text": "type here"
                }
              ]
            }
          },
          "test_files": {
            "tests.py": "from test_helper import run_common_tests, failed, passed, get_answer_placeholders\n\n\ndef test_answer_placeholders():\n    placeholders \u003d get_answer_placeholders()\n    print(placeholders)\n    if placeholders[0] \u003d\u003d \"myString\" \\\n            and placeholders[1] \u003d\u003d \u0027\"This is my first variable.\"\u0027 \\\n            and placeholders[2] \u003d\u003d \"print(myString)\":\n        passed()\n    else:\n        failed()\n\n\nif __name__ \u003d\u003d \u0027__main__\u0027:\n    run_common_tests()\n    test_answer_placeholders()       # TODO: uncomment test call\n\n\n"
          },
          "description_text": "Python is an object-oriented programming language. Objects are constructs with certain rules.\n\nJust like in the real-world, when you describe an object as a ball, everyone will understand that you\u0027re describing a spherical object (with the exception of an American Football I guess).\n\nSimilarly, when you\u0027re defining an object as a string in Python, then all the rules for strings apply to it.\n\nYou can store objects in so-called variables. Each variable will have a name, e.g. `myString` or `a`, and a type, e.g. `string`, `integer`, `list`, etc.\n\nWhen you define a variable and assign it a value, Python will infer the data type for you (unlike other languages like C).\n\nYour task is to\n* create a variable called `myString` and assign it a value of `\"This is my first variable.\"`;\n* print the variable\n",
          "description_format": "md",
          "additional_files": {},
          "update_date": "Dec 31, 1969 2:00:00 PM",
          "feedback_link": {
            "link_type": "STEPIK"
          },
          "task_type": "edu"
        },
        {
          "name": "Integer numbers",
          "stepic_id": 0,
          "task_files": {
            "task.py": {
              "name": "task.py",
              "text": "# create a variable called myFirstInt and assign it a value of ...\ntype here \u003d type here\n\n# create a second variable called mySecondInt and assign it a value of ...\nmySecondInt \u003d type here\n\n# add the two integers and print the results\ntype here(type here)\n",
              "placeholders": [
                {
                  "offset": 67,
                  "length": 9,
                  "hints": [
                    "Your variable name should go here. "
                  ],
                  "possible_answer": "myFirstInt",
                  "placeholder_text": "type here"
                },
                {
                  "offset": 79,
                  "length": 9,
                  "hints": [
                    "Assign an integer to your variable. ",
                    "An integer is a number that can be written without a fractional component. "
                  ],
                  "possible_answer": "25",
                  "placeholder_text": "type here"
                },
                {
                  "offset": 179,
                  "length": 9,
                  "hints": [
                    "Your second integer should go here. ",
                    "Integers are numbers that can be written without fractional components. "
                  ],
                  "possible_answer": "2",
                  "placeholder_text": "type here"
                },
                {
                  "offset": 235,
                  "length": 9,
                  "hints": [
                    "You can print objects using the print() function. "
                  ],
                  "possible_answer": "print",
                  "placeholder_text": "type here"
                },
                {
                  "offset": 245,
                  "length": 9,
                  "hints": [
                    "Add your integer variables here. ",
                    "Make sure to use the variable names and not their values. "
                  ],
                  "possible_answer": "myFirstInt + mySecondInt",
                  "placeholder_text": "type here"
                }
              ]
            }
          },
          "test_files": {
            "tests.py": "from test_helper import run_common_tests, failed, passed, get_answer_placeholders\n\n\ndef test_answer_placeholders():\n    placeholders \u003d get_answer_placeholders()\n    if placeholders[0] \u003d\u003d \"myFirstInt\"\\\n            and placeholders[1].isdigit()\\\n            and placeholders[2].isdigit()\\\n            and placeholders[3] \u003d\u003d \"print\" \\\n            and placeholders[4].replace(\" \", \"\") \u003d\u003d \"myFirstInt+mySecondInt\":       # TODO: your condition here\n        passed()\n    else:\n        failed()\n\n\nif __name__ \u003d\u003d \u0027__main__\u0027:\n    run_common_tests()\n    test_answer_placeholders()       # TODO: uncomment test call\n\n\n"
          },
          "description_text": "As mentioned, other types of objects are integers and floating point numbers. These data types are used to store numbers.\n\nIntegers are all numbers that can be written without a fractional component. So they include all whole numbers (counting numbers), zero, and all negative whole numbers.\n\nLike before, you can create variables and assign integers to these variables. You can also perform calulcations using the variables.\n\nFor example if you have variable `a \u003d 4` and `b \u003d 2`, you can\n* print the result of adding the two together: `print(a+b)`\n* create a new variable and assign it the result of subtracting one from the other: `c \u003d a-b`\n* and much more.\n\nYour task is to\n* create an integer named `myFirstInt`\n* create an integer named `mySecondInt`\n* print the results of `myFirstInt + mySecondInt`\n\n\n\n",
          "description_format": "md",
          "additional_files": {},
          "update_date": "Dec 31, 1969 2:00:00 PM",
          "feedback_link": {
            "link_type": "STEPIK"
          },
          "task_type": "edu"
        },
        {
          "name": "Floating point numbers (floats)",
          "stepic_id": 0,
          "task_files": {
            "task.py": {
              "name": "task.py",
              "text": "# create a float named a\na \u003d type here\n\n# create a float named b\nb \u003d type here\n\n# create a float named c and assign it the value of a divided by b\ntype here\n\n# add the value of c\ntype here\n\n",
              "placeholders": [
                {
                  "offset": 29,
                  "length": 9,
                  "hints": [
                    "Insert the value of your first float. "
                  ],
                  "possible_answer": "25.222",
                  "placeholder_text": "type here"
                },
                {
                  "offset": 69,
                  "length": 9,
                  "hints": [
                    "Enter the value of your second float here. "
                  ],
                  "possible_answer": "2.0",
                  "placeholder_text": "type here"
                },
                {
                  "offset": 147,
                  "length": 9,
                  "hints": [
                    "Define variable c and assign it the appropriate value. ",
                    "You want to assign it the value of variable a divided by b. ",
                    "You divide using the / symbol. ",
                    "You write a/b."
                  ],
                  "possible_answer": "c \u003d a/b",
                  "placeholder_text": "type here"
                },
                {
                  "offset": 179,
                  "length": 9,
                  "hints": [
                    "Print the value of c. ",
                    "Use the print() function. "
                  ],
                  "possible_answer": "print(c)",
                  "placeholder_text": "type here"
                }
              ]
            }
          },
          "test_files": {
            "tests.py": "from test_helper import run_common_tests, failed, passed, get_answer_placeholders\n\n\ndef test_answer_placeholders():\n    placeholders \u003d get_answer_placeholders()\n    if isinstance(float(placeholders[0]), float) \\\n            and isinstance(float(placeholders[1]), float)   \\\n            and placeholders[2].replace(\" \", \"\") \u003d\u003d \"c\u003da/b\" \\\n            and placeholders[3].replace(\" \", \"\") \u003d\u003d \"print(c)\":\n        passed()\n    else:\n        failed()\n\n\nif __name__ \u003d\u003d \u0027__main__\u0027:\n    run_common_tests()\n    test_answer_placeholders()       # TODO: uncomment test call\n\n\n"
          },
          "description_text": "We said that integers describe all numbers that can be written without a fractional component. But what if we need to use fractional components?\n\nWe use floating point numbers of simply floats.\n\nFloats are numbers with fractional components. You may be inclined to think of floating points as all real numbers (rational and irrational numbers), but that\u0027s not the case.\nFloating point arithmetic, and the limitations of it, are another topic to be discussed later. Just note that floats have a limited number of decimal points and can thus only approximate some (many, actually) real numbers.\n\nLike before, you can create variables and assign integers to these variables. \n\nYour task is to \n* create an float named `a`\n* create an float named `b`\n* create a float named `c` and assign it the value of `a` divided by `b`\n* print the value of `c`\n",
          "description_format": "md",
          "additional_files": {},
          "update_date": "Dec 31, 1969 2:00:00 PM",
          "feedback_link": {
            "link_type": "STEPIK"
          },
          "task_type": "edu"
        }
      ],
      "type": "lesson"
    },
    {
      "id": 0,
      "update_date": "Dec 31, 1969 2:00:00 PM",
      "title": "Edu additional materials",
      "task_list": [
        {
          "name": "Edu additional materials",
          "stepic_id": 0,
          "task_files": {},
          "test_files": {},
          "description_format": "md",
          "additional_files": {
            "test_helper.py": "import sys\n\n\ndef get_file_text(path):\n    \"\"\" Returns file text by path\"\"\"\n    file_io \u003d open(path, \"r\")\n    text \u003d file_io.read()\n    file_io.close()\n    return text\n\n\ndef get_file_output(encoding\u003d\"utf-8\", path\u003dsys.argv[-1], arg_string\u003d\"\"):\n    \"\"\"\n    Returns answer file output\n    :param encoding: to decode output in python3\n    :param path: path of file to execute\n    :return: list of strings\n    \"\"\"\n    import subprocess\n\n    proc \u003d subprocess.Popen([sys.executable, path], stdin\u003dsubprocess.PIPE, stdout\u003dsubprocess.PIPE,\n                            stderr\u003dsubprocess.STDOUT)\n    if arg_string:\n        for arg in arg_string.split(\"\\n\"):\n            proc.stdin.write(bytearray(str(arg) + \"\\n\", encoding))\n            proc.stdin.flush()\n\n    return list(map(lambda x: str(x.decode(encoding)), proc.communicate()[0].splitlines()))\n\n\ndef test_file_importable():\n    \"\"\" Tests there is no obvious syntax errors\"\"\"\n    path \u003d sys.argv[-1]\n    if not path.endswith(\".py\"):\n        import os\n\n        parent \u003d os.path.abspath(os.path.join(path, os.pardir))\n        python_files \u003d [f for f in os.listdir(parent) if os.path.isfile(os.path.join(parent, f)) and f.endswith(\".py\")]\n        for python_file in python_files:\n            if python_file \u003d\u003d \"tests.py\":\n                continue\n            check_importable_path(os.path.join(parent, python_file))\n        return\n    check_importable_path(path)\n\n\ndef check_importable_path(path):\n    \"\"\" Checks that file is importable.\n        Reports failure otherwise.\n    \"\"\"\n    saved_input \u003d patch_input()\n    try:\n        import_file(path)\n    except:\n        failed(\"The file contains syntax errors\", test_file_importable.__name__)\n        return\n    finally:\n        revert_input(saved_input)\n\n    passed(test_file_importable.__name__)\n\n\ndef patch_input():\n    def mock_fun(_m\u003d\"\"):\n        return \"mock\"\n\n    if sys.version_info[0] \u003d\u003d 3:\n        import builtins\n        save_input \u003d builtins.input\n        builtins.input \u003d mock_fun\n        return save_input\n    elif sys.version_info[0] \u003d\u003d 2:\n        import __builtin__\n        save_input \u003d __builtin__.raw_input\n        __builtin__.raw_input \u003d mock_fun\n        __builtin__.input \u003d mock_fun\n        return save_input\n\n\ndef revert_input(saved_input):\n    if sys.version_info[0] \u003d\u003d 3:\n        import builtins\n        builtins.input \u003d saved_input\n    elif sys.version_info[0] \u003d\u003d 2:\n        import __builtin__\n        __builtin__.raw_input \u003d saved_input\n        __builtin__.input \u003d saved_input\n\n\ndef import_file(path):\n    \"\"\" Returns imported file \"\"\"\n    if sys.version_info[0] \u003d\u003d 2 or sys.version_info[1] \u003c 3:\n        import imp\n\n        return imp.load_source(\"tmp\", path)\n    elif sys.version_info[0] \u003d\u003d 3:\n        import importlib.machinery\n\n        return importlib.machinery.SourceFileLoader(\"tmp\", path).load_module(\"tmp\")\n\n\ndef import_task_file():\n    \"\"\" Returns imported file.\n        Imports file from which check action was run\n    \"\"\"\n    path \u003d sys.argv[-1]\n    return import_file(path)\n\n\ndef test_is_not_empty():\n    \"\"\"\n        Checks that file is not empty\n    \"\"\"\n    path \u003d sys.argv[-1]\n    file_text \u003d get_file_text(path)\n\n    if len(file_text) \u003e 0:\n        passed()\n    else:\n        failed(\"The file is empty. Please, reload the task and try again.\")\n\n\ndef test_text_equals(text, error_text):\n    \"\"\"\n        Checks that answer equals text.\n    \"\"\"\n    path \u003d sys.argv[-1]\n    file_text \u003d get_file_text(path)\n\n    if file_text.strip() \u003d\u003d text:\n        passed()\n    else:\n        failed(error_text)\n\n\ndef test_answer_placeholders_text_deleted(error_text\u003d\"Don\u0027t just delete task text\"):\n    \"\"\"\n        Checks that all answer placeholders are not empty\n    \"\"\"\n    windows \u003d get_answer_placeholders()\n\n    for window in windows:\n        if len(window) \u003d\u003d 0:\n            failed(error_text)\n            return\n    passed()\n\n\ndef set_congratulation_message(message):\n    \"\"\" Overrides default \u0027Congratulations!\u0027 message \"\"\"\n    print(\"#educational_plugin CONGRATS_MESSAGE \" + message)\n\n\ndef failed(message\u003d\"Please, reload the task and try again.\", name\u003dNone):\n    \"\"\" Reports failure \"\"\"\n    if not name:\n        name \u003d sys._getframe().f_back.f_code.co_name\n    print(\"#educational_plugin \" + name + \" FAILED + \" + message)\n\n\ndef passed(name\u003dNone):\n    \"\"\" Reports success \"\"\"\n    if not name:\n        name \u003d sys._getframe().f_back.f_code.co_name\n    print(\"#educational_plugin \" + name + \" test OK\")\n\n\ndef get_answer_placeholders():\n    \"\"\"\n        Returns all answer placeholders text\n    \"\"\"\n    prefix \u003d \"#educational_plugin_window \u003d \"\n    path \u003d sys.argv[-1]\n    import os\n\n    file_name_without_extension \u003d os.path.splitext(path)[0]\n    windows_path \u003d file_name_without_extension + \"_windows\"\n    windows \u003d []\n    f \u003d open(windows_path, \"r\")\n    window_text \u003d \"\"\n    first \u003d True\n    for line in f.readlines():\n        if line.startswith(prefix):\n            if not first:\n                windows.append(window_text.strip())\n            else:\n                first \u003d False\n            window_text \u003d line[len(prefix):]\n        else:\n            window_text +\u003d line\n\n    if window_text:\n        windows.append(window_text.strip())\n\n    f.close()\n    return windows\n\n\ndef check_samples(samples\u003d()):\n    \"\"\"\n      Check script output for all samples. Sample is a two element list, where the first is input and\n      the second is output.\n    \"\"\"\n    for sample in samples:\n        if len(sample) \u003d\u003d 2:\n            output \u003d get_file_output(arg_string\u003dstr(sample[0]))\n            if \"\\n\".join(output) !\u003d sample[1]:\n                failed(\n                    \"Test from samples failed: \\n \\n\"\n                    \"Input:\\n{}\"\n                    \"\\n \\n\"\n                    \"Expected:\\n{}\"\n                    \"\\n \\n\"\n                    \"Your result:\\n{}\".format(str.strip(sample[0]), str.strip(sample[1]), \"\\n\".join(output)))\n                return\n        set_congratulation_message(\"All test from samples passed. Now we are checking your solution on Stepik server.\")\n\n    passed()\n\n\ndef run_common_tests(error_text\u003d\"Please, reload file and try again\"):\n    test_is_not_empty()\n    test_answer_placeholders_text_deleted()\n    test_file_importable()\n"
          },
          "update_date": "Dec 31, 1969 2:00:00 PM",
          "feedback_link": {
            "link_type": "STEPIK"
          },
          "task_type": "edu"
        }
      ],
      "type": "lesson"
    }
  ]
}